id,gender,masterCategory,subCategory,articleType,baseColour,season,year,usage,productDisplayName
7990,Men,Apparel,Topwear,Tshirts,Navy Blue,Fall,2011.0,Sports,Fila Men's Round Neck Navy Blue T-shirt
5994,Men,Apparel,Topwear,Shirts,Grey,Summer,2011.0,Casual,Highlander Men Grey Checked Slim Fit Shirt
2293,Women,Apparel,Topwear,Tshirts,Pink,Fall,2010.0,Casual,Nike Women Accuracy Pink T-shirt
12346,Women,Apparel,Topwear,Tshirts,Grey,Fall,2011.0,Formal,Reebok Women Grey Solid V-Neck T-shirt
33947,Men,Apparel,Topwear,Tshirts,Navy Blue,Summer,2012.0,Casual,ADIDAS Men Navy Blue & White Polo T-shirt
2273,Men,Apparel,Topwear,Tshirts,Red,Summer,2011.0,Sports,Nike Mens Red Polo T-shirt
10374,Women,Apparel,Topwear,Tshirts,Green,Fall,2011.0,Casual,United Colors of Benetton Women Solid Green T-shirt
21873,Boys,Apparel,Topwear,Tshirts,Green,Fall,2011.0,Casual,Chhota Bheem Kids Boys Lets Rock Green T-shirt
33212,Women,Apparel,Topwear,Tops,Black,Summer,2012.0,Casual,Sepia Women Black Top
3876,Men,Apparel,Topwear,Tshirts,Black,Summer,2011.0,Casual,Wrangler Men's Greensboro Raw Edge Black T-shirt
20173,Men,Apparel,Topwear,Shirts,Purple,Winter,2011.0,Casual,Wrangler Men Dark Purple Shirt
12017,Men,Apparel,Topwear,Shirts,Purple,Fall,2011.0,Formal,Mark Taylor Men Purple White Striped Shirts
33188,Women,Apparel,Topwear,Tops,Purple,Summer,2012.0,Casual,Sepia Women Purple Top
2303,Women,Apparel,Topwear,Tshirts,Pink,Fall,2010.0,Sports,Nike Women Icon SS Pink T-shirt
14667,Men,Apparel,Topwear,Shirts,White,Fall,2011.0,Casual,Basics Men White Slim Fit Checked Shirt
14026,Men,Apparel,Topwear,Tshirts,Grey,Fall,2011.0,Sports,Nike Men Solid Grey Tshirts
33175,Women,Apparel,Topwear,Tops,Blue,Summer,2012.0,Casual,Sepia Women Printed Blue Top
41787,Women,Apparel,Topwear,Tops,Purple,Summer,2012.0,Casual,Remanika Women Purple Top
3820,Girls,Apparel,Topwear,Tops,White,Summer,2011.0,Casual,Disney Kids Girl's Minnie Summer Time White Top
9460,Men,Apparel,Topwear,Shirts,White,Fall,2011.0,Formal,John Miller Men Stripes White Blend White Shirts
4962,Men,Apparel,Topwear,Tshirts,Blue,Summer,2011.0,Casual,Gini and Jony Boy's Karsen Blue White Infant Kidswear
32503,Men,Apparel,Topwear,Shirts,White,Summer,2012.0,Casual,Scullers Men White Shirt
3819,Girls,Apparel,Topwear,Tshirts,Pink,Summer,2011.0,Casual,Disney Kids Girl's Minnie Summer Time Pink Top
20230,Women,Apparel,Topwear,Sweaters,Grey,Fall,2011.0,Casual,Wrangler Women Fluro Grey Sweater
31027,Men,Apparel,Topwear,Shirts,White,Summer,2012.0,Formal,Arrow New York Men White Striped Slim Fit Shirt
29046,Men,Apparel,Topwear,Tshirts,Blue,Summer,2012.0,Casual,ADIDAS Men Aess  Blue Polo T-shirt
20023,Men,Apparel,Topwear,Shirts,Red,Fall,2011.0,Casual,United Colors of Benetton Men Red Check Shirt
3364,Men,Apparel,Topwear,Tshirts,Blue,Summer,2011.0,Casual,Myntra Men's Brain Blue T-shirt
8187,Men,Apparel,Topwear,Shirts,Blue,Summer,2011.0,Casual,Locomotive Men Solid Poplin Laibrook Blue Shirts
35260,Women,Apparel,Topwear,Tops,Blue,Summer,2012.0,Casual,Lee Women Jennifer Blue Top
11025,Women,Apparel,Topwear,Tshirts,Pink,Fall,2011.0,Casual,Wrangler Women Studd Polo Pink T-shirt
52088,Women,Apparel,Topwear,Tshirts,Grey,Summer,2012.0,Casual,Myntra Women Grey T-shirt
34067,Women,Apparel,Topwear,Shirts,Cream,Summer,2012.0,Casual,Femella Women Printed Cream Shirt
10869,Men,Apparel,Topwear,Tshirts,White,Fall,2011.0,Casual,Wrangler Men Fly The Wind White T-Shirts
43538,Women,Apparel,Topwear,Tops,Blue,Summer,2012.0,Casual,French Connection Women Blue Top
54890,Women,Apparel,Topwear,Tops,Green,Summer,2012.0,Casual,Do u speak green Women Green Top
29785,Men,Apparel,Topwear,Tshirts,Blue,Summer,2012.0,Casual,Basics Men Blue T-shirt
7925,Men,Apparel,Topwear,Tshirts,Navy Blue,Fall,2011.0,Casual,Proline Men Navy Polo T-shirt
3264,Men,Apparel,Topwear,Tshirts,Green,Summer,2011.0,Casual,Guerrilla Men's Kill You Green T-shirt
18920,Men,Apparel,Topwear,Shirts,Purple,Fall,2011.0,Casual,Levis Men Work Western Purple Shirt
38594,Women,Apparel,Topwear,Tshirts,White,Summer,2012.0,Casual,Nike Women White Scoop T-shirt
3351,Men,Apparel,Topwear,Tshirts,White,Summer,2011.0,Casual,Myntra Men's Black Letter Equals White T-shirt
52145,Women,Apparel,Topwear,Tshirts,Grey,Summer,2012.0,Casual,Femella Women Grey Polo T-Shirt
38287,Girls,Apparel,Topwear,Tops,Pink,Summer,2012.0,Casual,Kids Ville Girls Pink Top
35985,Women,Apparel,Topwear,Tshirts,Red,Summer,2012.0,Casual,Flying Machine Women Poppy Red T-shirt
2201,Men,Apparel,Topwear,Tshirts,Black,Fall,2010.0,Sports,Adidas Men Black Polo T-shirt
41990,Boys,Apparel,Topwear,Shirts,Black,Summer,2012.0,Casual,Gini and Jony Boys Check Black Shirt
3744,Unisex,Apparel,Topwear,Tshirts,Blue,Summer,2011.0,Casual,Tantra Kid's Cool Royal Blue Kidswear
9655,Men,Apparel,Topwear,Shirts,Blue,Fall,2011.0,Casual,Indigo Nation Men Bling Blue Shirts
17177,Men,Apparel,Topwear,Shirts,Green,Fall,2011.0,Casual,U.S. Polo Assn. Men Checks Green Shirt
37598,Boys,Apparel,Topwear,Tshirts,Blue,Summer,2012.0,Casual,Madagascar3 Boys Blue Printed T-Shirt
22392,Women,Apparel,Topwear,Tops,White,Fall,2011.0,Casual,ADIDAS Women Whalf Striper White Top
28681,Men,Apparel,Topwear,Tshirts,Blue,Summer,2012.0,Casual,Proline Men Blue Printed T-shirt
17898,Men,Apparel,Topwear,Jackets,Grey,Fall,2011.0,Casual,Nike Men Casual Grey Jacket
10870,Men,Apparel,Topwear,Tshirts,Blue,Fall,2011.0,Casual,Wrangler Men Fly The Wind Blue T-Shirts
22476,Men,Apparel,Topwear,Tshirts,Blue,Summer,2012.0,Casual,Timberland Men Blue T-shirt
57030,Women,Apparel,Topwear,Tops,Pink,Summer,2012.0,Casual,Forever New Women Pink Top
7509,Women,Apparel,Topwear,Tshirts,Blue,Summer,2011.0,Sports,Nike Women's Line 9 Turquoise Blue T-shirt
24335,Men,Apparel,Topwear,Tshirts,Grey,Fall,2011.0,Casual,ADIDAS Men Grey T-shirt
38521,Men,Apparel,Topwear,Tshirts,White,Summer,2012.0,Casual,Angry Birds Men White T-shirt
43084,Women,Apparel,Topwear,Tshirts,Green,Summer,2012.0,Sports,Nike Women Green T-shirt
3543,Men,Apparel,Topwear,Tshirts,White,Summer,2011.0,Casual,Myntra Men's I'm not a nut White T-shirt
14307,Men,Apparel,Topwear,Sweatshirts,White,Fall,2011.0,Casual,ADIDAS Men Printed White Sweatshirts
48442,Men,Apparel,Topwear,Tshirts,White,Summer,2012.0,Casual,French Connection Men White Printed T-shirt
32502,Men,Apparel,Topwear,Shirts,Brown,Summer,2012.0,Formal,Scullers Men Striped Brown Shirt
31602,Men,Apparel,Topwear,Tshirts,Purple,Summer,2012.0,Casual,Mark Taylor Men Printed Purple T-shirt
33548,Men,Apparel,Topwear,Shirts,Blue,Summer,2012.0,Casual,Wrangler Men Nimrod Oxford Blue Shirt
5414,Girls,Apparel,Topwear,Tops,Purple,Summer,2011.0,Casual,Ant Kids Girl's Purple Top With Sequins Kidswear
42234,Women,Apparel,Topwear,Tops,Blue,Summer,2012.0,Casual,Sepia Women Blue Printed Top
24554,Men,Apparel,Topwear,Tshirts,Green,Spring,2013.0,Casual,Wildcraft Men Green Printed T-Shirt
16625,Men,Apparel,Topwear,Tshirts,Red,Summer,2016.0,Casual,Facit Men Smart Red Tshirt
48448,Men,Apparel,Topwear,Tshirts,Purple,Summer,2012.0,Casual,French Connection Men Purple T-shirt
7468,Men,Apparel,Topwear,Tshirts,Black,Summer,2011.0,Casual,Proline Men Black Polo T-shirt
15698,Men,Apparel,Topwear,Shirts,Blue,Fall,2011.0,Casual,Black coffee Men Micheal Blue Slim Fit Shirt
23695,Men,Apparel,Topwear,Tshirts,Purple,Summer,2011.0,Casual,Proline Men Purple Polo T-shirt
14920,Men,Apparel,Topwear,Tshirts,Grey,Fall,2011.0,Casual,Mr. Men Men Music Rocks LT.Grey Tshirts
17192,Men,Apparel,Topwear,Shirts,Maroon,Winter,2016.0,Casual,U.S. Polo Assn. Men Stripes Maroon Shirt
5231,Men,Apparel,Topwear,Tshirts,Navy Blue,Summer,2011.0,Casual,Classic Polo Men's Cari Navy Polo T-shirt
28856,Men,Apparel,Topwear,Tshirts,Mustard,Summer,2013.0,Casual,Proline Men Mustard T-shirt
8802,Men,Apparel,Topwear,Shirts,Blue,Fall,2011.0,Casual,Scullers Men Scul Purple Blue White Shirt
23649,Men,Apparel,Topwear,Tshirts,White,Summer,2012.0,Casual,Disney Men White Printed T-shirt
34388,Men,Apparel,Topwear,Tshirts,Red,Summer,2012.0,Casual,Myntra Men Red Life Is My Right T-shirt
19964,Men,Apparel,Topwear,Sweaters,Grey,Fall,2011.0,Casual,United Colors of Benetton Men Stripes Grey Sweater
15370,Women,Apparel,Topwear,Sweatshirts,Pink,Fall,2011.0,Casual,Urban Yoga Women Solid Pink Sweatshirts
19450,Men,Apparel,Topwear,Tshirts,Black,Summer,2012.0,Casual,Quiksilver Men Black T-shirt
6246,Women,Apparel,Topwear,Tshirts,Pink,Summer,2011.0,Casual,Lee Women's Norah Raspberry Pink T-shirt
15993,Men,Apparel,Topwear,Shirts,Blue,Fall,2011.0,Casual,Turtle Check Men Blue Checked ReversibleShirt
13451,Women,Apparel,Topwear,Shirts,Pink,Summer,2011.0,Casual,United Colors of Benetton Women Check Pink Shirts
18578,Women,Apparel,Topwear,Sweatshirts,Black,Fall,2011.0,Casual,Puma Women Black Sweatshirt
2760,Men,Apparel,Topwear,Tshirts,Black,Summer,2011.0,Casual,Classic Polo Men's Black-Grey T-shirt
14313,Men,Apparel,Topwear,Tshirts,Blue,Fall,2011.0,Sports,ADIDAS Men Solid Blue Jerseys
34402,Men,Apparel,Topwear,Tshirts,Black,Summer,2012.0,Casual,Myntra Men Meltdown Black T-shirt
19600,Women,Apparel,Topwear,Tops,Black,Fall,2011.0,Casual,United Colors of Benetton Women Black Printed Top
4323,Unisex,Apparel,Topwear,Tshirts,Green,Summer,2011.0,Casual,Tantra Kid's Unisex Ice Cream Aqua Green Kidswear
31782,Women,Apparel,Topwear,Tops,Blue,Summer,2012.0,Casual,Lee Women Paula Blue Top
3357,Men,Apparel,Topwear,Tshirts,Black,Summer,2011.0,Casual,Myntra Men's Ear Plugs Black T-shirt
19408,Men,Apparel,Topwear,Tshirts,Off White,Fall,2011.0,Casual,ADIDAS Men  Off White Polo Tshirt
7450,Men,Apparel,Topwear,Tshirts,Cream,Summer,2011.0,Casual,Proline Men Cream Striped Polo T-shirt
10432,Men,Apparel,Topwear,Shirts,Blue,Fall,2011.0,Casual,Flying Machine Men Ydc Blue Shirts
12503,Men,Apparel,Topwear,Tshirts,Black,Fall,2011.0,Casual,United Colors of Benetton Men Short Black T-shirt
35271,Women,Apparel,Topwear,Tops,Green,Summer,2012.0,Casual,Lee Women Holly Green Top
10461,Men,Apparel,Topwear,Tshirts,White,Fall,2011.0,Casual,Flying Machine Men White Polo Tshirts
5216,Boys,Apparel,Topwear,Tshirts,Green,Summer,2011.0,Casual,Disney Kids Boys Green T-shirt
12320,Men,Apparel,Topwear,Shirts,Brown,Fall,2011.0,Formal,Genesis Men Brown Striped Shirt
39781,Men,Apparel,Topwear,Shirts,White,Summer,2012.0,Formal,Peter England Men Striped White Formal Shirt
19628,Men,Apparel,Topwear,Tshirts,Black,Summer,2011.0,Casual,United Colors of Benetton Men Printed Black Tshirt
9933,Men,Apparel,Topwear,Tshirts,Grey,Fall,2011.0,Casual,Basics Men Grey Polo T-shirt
20264,Men,Apparel,Topwear,Tshirts,Black,Fall,2011.0,Casual,Wrangler Men Ride Black Tshirt
54960,Men,Apparel,Topwear,Tshirts,Green,Summer,2012.0,Casual,Do u speak green Men Green T-shirt
12644,Men,Apparel,Topwear,Tshirts,White,Fall,2011.0,Casual,Probase Men Solid White Polo T-shirts
14132,Men,Apparel,Topwear,Tshirts,Black,Fall,2011.0,Sports,Nike Men Printed Black Tshirts
3929,Women,Apparel,Topwear,Tshirts,Peach,Summer,2011.0,Casual,Jealous 21 Women's Peach Trendy T-shirt
6881,Women,Apparel,Topwear,Tops,Peach,Summer,2011.0,Casual,Forever New Women Sleeveless Peach Top
6237,Women,Apparel,Topwear,Tshirts,White,Summer,2011.0,Casual,Lee Women's Iris White T-shirt
13510,Men,Apparel,Topwear,Tshirts,Green,Fall,2011.0,Casual,Chimp Men Say Cheese Green Tshirts
14782,Men,Apparel,Topwear,Shirts,Black,Fall,2011.0,Formal,Arrow Men Stripes Black Shirts
12799,Men,Apparel,Topwear,Tshirts,Blue,Fall,2011.0,Sports,Nike Men Blue Manchester United Jersey
4865,Men,Apparel,Topwear,Tshirts,White,Summer,2011.0,Sports,ADIDAS Men White Liverpool Jersey
8165,Men,Apparel,Topwear,Shirts,Purple,Summer,2011.0,Casual,Highlander Men Purple Checked Hale Slim Fit Shirt
5097,Men,Apparel,Topwear,Tshirts,White,Summer,2011.0,Casual,Wrangler Men's Hand Of Quality White T-shirt
9642,Men,Apparel,Topwear,Shirts,White,Fall,2011.0,Formal,Indigo Nation Men Price catch Black White Shirts
26949,Women,Apparel,Topwear,Tshirts,Orange,Summer,2012.0,Casual,Jealous 21 Women Printed Orange T-shirt
48419,Men,Apparel,Topwear,Tshirts,Black,Summer,2012.0,Casual,French Connection Men Black Printed T-shirt
4258,Men,Apparel,Topwear,Tshirts,Grey,Summer,2011.0,Casual,Inkfruit Men's Everest Grey T-shirt
9465,Men,Apparel,Topwear,Shirts,White,Fall,2011.0,Formal,John Miller Men White Self Structure Shirts
35947,Men,Apparel,Topwear,Shirts,White,Summer,2012.0,Casual,Flying Machine Men White Shirt
34228,Men,Apparel,Topwear,Tshirts,Purple,Summer,2013.0,Casual,Proline Men Purple T-shirt
27892,Women,Apparel,Topwear,Shirts,Black,Summer,2012.0,Formal,Scullers For Her Black Striped Shirt
34408,Men,Apparel,Topwear,Tshirts,Black,Summer,2012.0,Casual,Myntra Men Black Printed T-shirt
23182,Men,Apparel,Topwear,Shirts,Blue,Fall,2011.0,Formal,Black Coffee Men Blue Shirt
10850,Men,Apparel,Topwear,Tshirts,Blue,Fall,2011.0,Casual,Wrangler Men Famous Filafil Blue T-Shirts
11029,Women,Apparel,Topwear,Tops,Purple,Fall,2011.0,Casual,Jealous 21 Women Check Purple Tops
7682,Men,Apparel,Topwear,Jackets,Black,Fall,2011.0,Sports,Puma Men Track Black Ferrari Jacket
1803,Unisex,Apparel,Topwear,Tshirts,Black,Fall,2010.0,Sports,Tribord Unisex Black T-shirt
59827,Men,Apparel,Topwear,Shirts,Black,Summer,2012.0,Casual,United Colors of Benetton Men Black Shirt
18973,Men,Apparel,Topwear,Shirts,Blue,Fall,2011.0,Casual,United Colors of Benetton Men Blue Check Shirt
39784,Men,Apparel,Topwear,Shirts,Red,Summer,2012.0,Formal,Peter England Men Red Formal Shirt
51400,Men,Apparel,Topwear,Shirts,Yellow,Summer,2012.0,Formal,Myntra Men Yellow Shirt
9830,Women,Apparel,Topwear,Tshirts,Navy Blue,Fall,2011.0,Casual,Little Miss Women Printed Navy Blue T-shirt
16232,Men,Apparel,Topwear,Sweatshirts,Grey,Fall,2011.0,Casual,Puma Men Ess Hooded Grey Sweatshirt
26402,Men,Apparel,Topwear,Shirts,Purple,Summer,2012.0,Casual,Turtle Men Check Purple Shirt
52042,Unisex,Apparel,Topwear,Rain Jacket,Black,Summer,2012.0,,Just Natural Unisex Black Rain Jacket
19604,Women,Apparel,Topwear,Tops,White,Summer,2011.0,Casual,United Colors of Benetton Women Solid White Top
15967,Men,Apparel,Topwear,Shirts,Red,Fall,2011.0,Casual,Turtle Check Men Red Shirt
37776,Men,Apparel,Topwear,Shirts,White,Summer,2012.0,Casual,John Players Men Yellow & White Striped Shirt
6683,Men,Apparel,Topwear,Tshirts,Black,Summer,2011.0,Casual,UCB Men's Shiny Print Patch Black T-shirt
2837,Men,Apparel,Topwear,Tshirts,Maroon,Summer,2011.0,Casual,Mr.Men Maroon T-shirt
38798,Men,Apparel,Topwear,Tshirts,Pink,Summer,2012.0,Casual,Free Authority Men Pink T-shirt
6231,Men,Apparel,Topwear,Tshirts,Blue,Summer,2011.0,Casual,Lee Men's Stallion Blue Green T-shirt
11046,Men,Apparel,Topwear,Shirts,White,Fall,2011.0,Casual,Scullers Men Check White Shirts
34404,Men,Apparel,Topwear,Tshirts,Black,Summer,2012.0,Casual,Myntra Men Surf Black T-shirt
50710,Women,Apparel,Topwear,Tops,Black,Summer,2012.0,Casual,Latin Quarters Women Black Top
42176,Men,Apparel,Topwear,Tshirts,Grey,Summer,2012.0,Casual,Status Quo Men Grey Striped T-shirt
37143,Men,Apparel,Topwear,Shirts,Blue,Summer,2012.0,Casual,Wills Lifestyle Men Blue Gingham Shirt
55591,Men,Apparel,Topwear,Shirts,Black,Summer,2012.0,Casual,Peter England Men Black Shirt
15974,Men,Apparel,Topwear,Shirts,White,Fall,2011.0,Casual,Turtle Check Men White Shirt
34409,Men,Apparel,Topwear,Tshirts,Black,Summer,2012.0,Casual,Myntra Men Black Rider Performance T-shirt
8186,Men,Apparel,Topwear,Shirts,Grey,Summer,2011.0,Casual,Locomotive Men Check Lai Grey Shirts
12626,Men,Apparel,Topwear,Tshirts,Navy Blue,Fall,2011.0,Casual,Probase Men Printed Navy Blue Tshirts
12844,Boys,Apparel,Topwear,Tshirts,Multi,Fall,2011.0,Casual,Ant Kids Boys Multicoloured Striped T-shirts
37626,Girls,Apparel,Topwear,Tshirts,Pink,Summer,2012.0,Casual,Madagascar3 Girls Pink Printed T-Shirt
19181,Men,Apparel,Topwear,Shirts,Red,Fall,2011.0,Casual,United Colors of Benetton Men Red Check Shirt
3746,Unisex,Apparel,Topwear,Tshirts,Green,Summer,2011.0,Casual,Tantra Kid's Yumm Green Kidswear
2130,Men,Apparel,Topwear,Shirts,Green,Spring,2011.0,Casual,Basics Men Green & White Slim Fit Shirt
46811,Men,Apparel,Topwear,Tshirts,Black,Summer,2012.0,Casual,Nike Men Black T-shirt
14910,Men,Apparel,Topwear,Tshirts,Teal,Fall,2011.0,Casual,Mr. Men Men Nonsense Green Tshirts
37710,Men,Apparel,Topwear,Tshirts,Blue,Summer,2012.0,Casual,John Players Men Printed Blue T-shirt
16815,Men,Apparel,Topwear,Shirts,Yellow,Fall,2011.0,Casual,Locomotive Men Check Yellow Shirt
29165,Women,Apparel,Topwear,Tops,Black,Summer,2012.0,Casual,United Colors of Benetton Women Printed Black & White Top
51429,Men,Apparel,Topwear,Shirts,Blue,Summer,2012.0,Casual,Myntra Men Blue Check Shirt
33284,Men,Apparel,Topwear,Tshirts,White,Summer,2012.0,Casual,Arrow Sport Men Multi Coloured Striped Polo T-shirt
2304,Men,Apparel,Topwear,Tshirts,Red,Summer,2011.0,Sports,Nike Men's Manchester United Red T-shirt
16724,Men,Apparel,Topwear,Sweaters,Black,Fall,2011.0,Casual,Fila Men AbeII Black Sweater
34569,Women,Apparel,Topwear,Tops,Grey,Summer,2012.0,Casual,Tonga Women Printed Grey Top
4458,Men,Apparel,Topwear,Tshirts,White,Summer,2011.0,Sports,Nike Men's Graphic White Blue T-shirt
39318,Boys,Apparel,Topwear,Tshirts,Red,Summer,2012.0,Casual,Gini and Jony Boys Red T-shirt
18245,Men,Apparel,Topwear,Tshirts,White,Fall,2011.0,Casual,Manchester United Men Printed White Tshirt
57105,Women,Apparel,Topwear,Tops,Pink,Summer,2012.0,Casual,Elle Pink Essentials Top
20671,Men,Apparel,Topwear,Tshirts,Black,Fall,2011.0,Casual,Classic Polo Men Striped Black Tshirt
15168,Men,Apparel,Topwear,Tshirts,Green,Fall,2011.0,Casual,Arrow Sport Men Solid Green Polo Tshirts
6488,Men,Apparel,Topwear,Tshirts,White,Summer,2011.0,Casual,ADIDAS Men's Strip White T-shirt
19475,Men,Apparel,Topwear,Sweatshirts,Navy Blue,Summer,2012.0,Casual,Quiksilver Men Navy Blue Nautical Sweatshirt
24288,Men,Apparel,Topwear,Sweatshirts,Grey,Summer,2012.0,Casual,Quiksilver Men Grey Sweatshirt
3412,Men,Apparel,Topwear,Tshirts,Yellow,Summer,2011.0,Casual,Myntra Mens Hard work never killed anyone T-shirt
26922,Women,Apparel,Topwear,Tops,Purple,Summer,2012.0,Casual,Jealous 21 Women Purple Top
30351,Men,Apparel,Topwear,Tshirts,Pink,Summer,2012.0,Casual,Myntra Men Dog Inside Pink T-shirt
11706,Men,Apparel,Topwear,Shirts,Yellow,Fall,2011.0,Casual,Lee Men Check Yellow Shirts
11058,Men,Apparel,Topwear,Shirts,Purple,Fall,2011.0,Casual,Scullers Men Check Purple Shirts
36319,Boys,Apparel,Topwear,Tshirts,Yellow,Summer,2012.0,Casual,Mr. Men Boys Tickle Yellow T-shirt
59448,Men,Apparel,Topwear,Shirts,White,Fall,2012.0,Casual,Arrow Sport Men White Check Slim Fit Shirt
22620,Men,Apparel,Topwear,Tshirts,Blue,Fall,2011.0,Sports,Nike Men Blue T-shirt
7579,Men,Apparel,Topwear,Tshirts,Grey,Summer,2011.0,Sports,Nike Men's As Repeat Grey T-shirt
9257,Men,Apparel,Topwear,Shirts,Blue,Fall,2011.0,Formal,Mark Taylor Men Blue Striped Shirt
19449,Men,Apparel,Topwear,Tshirts,White,Fall,2011.0,Casual,Quiksilver Men White Striped T-shirt
16220,Men,Apparel,Topwear,Jackets,Black,Fall,2011.0,Sports,Puma Men Heroes Black Jackets
40258,Men,Apparel,Topwear,Shirts,White,Summer,2012.0,Casual,Scullers Men White & Navy Blue Shirt
6979,Women,Apparel,Topwear,Tops,Pink,Summer,2011.0,Casual,S.Oliver Women Pink Tank Top
4245,Men,Apparel,Topwear,Tshirts,Navy Blue,Summer,2011.0,Casual,Probase Men's I'M So Broke Navy T-shirt
8293,Men,Apparel,Topwear,Tshirts,Purple,Fall,2011.0,Casual,Mr.Men Men's Purple Melange T-shirt
5863,Men,Apparel,Topwear,Tshirts,Purple,Summer,2011.0,Casual,ADIDAS Men's Saltero Purple T-shirt
5813,Women,Apparel,Topwear,Tshirts,Blue,Summer,2011.0,Casual,Puma Women Blue Large Logo T-shirt
14779,Men,Apparel,Topwear,Shirts,Green,Fall,2011.0,Formal,Arrow Men Stripes Green Shirts
6023,Men,Apparel,Topwear,Tshirts,Green,Summer,2011.0,Casual,UCB Men's Johny Collar With Two Tone Green T-shirt
41979,Boys,Apparel,Topwear,Tshirts,Grey,Summer,2012.0,Casual,Gini and Jony Boys Around The World Grey T-shirt
26053,Men,Apparel,Topwear,Shirts,Blue,Summer,2012.0,Formal,John Miller Men Striped Blue Shirt
39855,Boys,Apparel,Topwear,Tshirts,Black,Summer,2012.0,Casual,Gini and Jony Boys Printed Black T-Shirt
27545,Men,Apparel,Topwear,Shirts,Black,Summer,2012.0,Casual,Scullers Men Check Black Shirt
8557,Men,Apparel,Topwear,Tshirts,Grey,Fall,2011.0,Casual,Basics Men Grey T-shirt
31093,Boys,Apparel,Topwear,Shirts,White,Summer,2012.0,Casual,Gini and Jony Boys White Shirt
1994,Women,Apparel,Topwear,Tshirts,Yellow,Fall,2010.0,Sports,Puma Women's Powergirls T-shirt
3131,Men,Apparel,Topwear,Tshirts,Brown,Fall,2010.0,Casual,DUSG Men's Periyar Cotton Melange T-shirt
45943,Women,Apparel,Topwear,Tops,Green,Summer,2012.0,Casual,Mumbai Slang Women Green Top
27546,Men,Apparel,Topwear,Shirts,Black,Summer,2012.0,Casual,Scullers Men Check Black Shirt
2703,Girls,Apparel,Topwear,Tops,Pink,Summer,2011.0,Casual,Disney Kids Girl's Check Pink Kidswear
42232,Women,Apparel,Topwear,Tops,Blue,Summer,2012.0,Casual,Sepia Women Blue Top
35986,Women,Apparel,Topwear,Tshirts,Purple,Summer,2012.0,Casual,Flying Machine Women Cotton Purple T-shirt
7832,Men,Apparel,Topwear,Tshirts,Yellow,Fall,2011.0,Casual,Proline Men Yellow Printed T-shirt
31303,Men,Apparel,Topwear,Shirts,Purple,Summer,2012.0,Formal,John Miller Men Purple Shirt
2714,Boys,Apparel,Topwear,Tshirts,Red,Summer,2011.0,Casual,Disney Kids Boy's Red Goofy Surf Kidswear
13929,Men,Apparel,Topwear,Shirts,Beige,Summer,2011.0,Casual,United Colors of Benetton Men Solid Beige Shirts
8040,Men,Apparel,Topwear,Tshirts,White,Fall,2011.0,Sports,Fila Men's Crew Neck Reglan Sleeve White Blue Red T-shirt
15008,Men,Apparel,Topwear,Jackets,White,Fall,2011.0,Sports,ADIDAS Men White Jacket
32918,Men,Apparel,Topwear,Tshirts,Blue,Summer,2012.0,Casual,Status Quo Men Printed Blue T-shirt
11479,Women,Apparel,Topwear,Tops,Purple,Fall,2011.0,Casual,United Colors of Benetton Women Light Winter Purple Tops
22598,Women,Apparel,Topwear,Tshirts,Purple,Fall,2011.0,Sports,Nike Women Purple T-shirt
15015,Men,Apparel,Topwear,Sweatshirts,Black,Fall,2011.0,Sports,ADIDAS Men Printed Black Sweatshirts
15183,Men,Apparel,Topwear,Sweaters,Blue,Fall,2011.0,Casual,Arrow Sport Men Check Blue Sweaters
52140,Women,Apparel,Topwear,Tshirts,Charcoal,Summer,2012.0,Casual,Femella Women Charcoal Grey Polo T-Shirt
15348,Men,Apparel,Topwear,Tshirts,Black,Fall,2011.0,Casual,Nike Men Special Edition 3 Star Polo Black Tshirts
5848,Men,Apparel,Topwear,Tshirts,Grey,Summer,2011.0,Sports,Puma Men's Summer Graphic Grey T-shirt
17256,Men,Apparel,Topwear,Tshirts,Green,Fall,2011.0,Casual,U.S. Polo Assn. Men Printed Green Tshirt
27895,Women,Apparel,Topwear,Shirts,Green,Summer,2012.0,Casual,Scullers For Her Check Green Shirt
40674,Women,Apparel,Topwear,Tops,Blue,Summer,2012.0,Casual,Lee Women Blue Top
32967,Men,Apparel,Topwear,Tshirts,Grey,Summer,2012.0,Casual,Angry Birds Men Printed Grey T-shirt
6934,Men,Apparel,Topwear,Tshirts,White,Summer,2011.0,Casual,Tantra Men's Mistakes White T-shirt
16027,Men,Apparel,Topwear,Shirts,Blue,Fall,2011.0,Casual,Highlander Men Check Blue Shirt
26952,Women,Apparel,Topwear,Tops,Green,Summer,2012.0,Casual,Jealous 21 Women Green Top
34371,Men,Apparel,Topwear,Tshirts,Black,Summer,2012.0,Casual,Myntra Men Black JJ & Sons T-shirt
26288,Men,Apparel,Topwear,Tshirts,Grey,Summer,2012.0,Casual,Proline Men Grey T-shirt with Printed Detail
43693,Boys,Apparel,Topwear,Tshirts,White,Summer,2012.0,Casual,Doodle Boys Printed White T-shirt
7596,Men,Apparel,Topwear,Tshirts,Yellow,Summer,2011.0,Sports,Nike Men's As Nike Rpeat T-Shirt
24266,Men,Apparel,Topwear,Tshirts,Red,Summer,2012.0,Casual,Quiksilver Men Red T-shirt
11169,Men,Apparel,Topwear,Sweaters,Green,Fall,2011.0,Casual,Scullers Men Stripes Green Sweaters
6303,Women,Apparel,Topwear,Tshirts,Black,Summer,2011.0,Casual,UCB Women's Epaulettes Sleeve Black T-shirt
7903,Men,Apparel,Topwear,Tshirts,Navy Blue,Fall,2011.0,Casual,Proline Men Navy Printed Round Neck T-shirt
24567,Women,Apparel,Topwear,Tshirts,Purple,Summer,2012.0,Casual,Lee Women Crownjewel Purple T-Shirt
6902,Women,Apparel,Topwear,Tshirts,Purple,Summer,2011.0,Casual,Tantra Women's Road Signs Purple T-shirt
38628,Men,Apparel,Topwear,Tshirts,Yellow,Summer,2012.0,Casual,Nike Men Yellow Coaster T-shirt
11038,Women,Apparel,Topwear,Tops,Brown,Fall,2011.0,Casual,Jealous 21 Women Check Brown Tops
33237,Men,Apparel,Topwear,Shirts,Blue,Summer,2012.0,Formal,Arrow Men Blue Striped Shirt
9458,Men,Apparel,Topwear,Shirts,Red,Fall,2011.0,Formal,John Miller Men Red white Red Shirts
3440,Men,Apparel,Topwear,Tshirts,Blue,Summer,2011.0,Sports,Delhi Daredevils Mens Fan Tee
7495,Women,Apparel,Topwear,Tshirts,Purple,Summer,2011.0,Sports,Nike Women's Nike Spher Purple T-shirt
38482,Girls,Apparel,Topwear,Tops,Yellow,Summer,2012.0,Casual,Gini and Jony Girls Milan Yellow Tops
16196,Men,Apparel,Topwear,Jackets,Red,Fall,2011.0,Sports,Puma Men Heroes Red Jackets
48429,Men,Apparel,Topwear,Tshirts,Beige,Summer,2012.0,Casual,French Connection Men Beige & Black Striped T-shirt
57158,Women,Apparel,Topwear,Tshirts,Pink,Summer,2012.0,Casual,Elle Women Pink T-shirt
48409,Men,Apparel,Topwear,Tshirts,Orange,Summer,2012.0,Casual,French Connection Men Orange & Grey T-shirt
16909,Men,Apparel,Topwear,Sweatshirts,Grey,Fall,2011.0,Casual,Status Quo Men Solid Grey Sweatshirt
2838,Men,Apparel,Topwear,Tshirts,Blue,Summer,2011.0,Casual,Mr.Men Men's Mr.Happy Blue T-shirt
4259,Men,Apparel,Topwear,Tshirts,Grey,Summer,2011.0,Casual,Inkfruit Men's Uni Grey T-shirt
40496,Women,Apparel,Topwear,Tops,Olive,Fall,2012.0,Casual,Femella Women Olive Spaghetti Top
16358,Men,Apparel,Topwear,Shirts,White,Fall,2011.0,Formal,Peter England Men Stripes White Shirt
23210,Women,Apparel,Topwear,Tops,Brown,Fall,2011.0,Ethnic,Aneri Women Sequin Brown Top
53114,Men,Apparel,Topwear,Tshirts,Grey,Summer,2012.0,Casual,Myntra Men Grey T-shirt
43501,Men,Apparel,Topwear,Tshirts,Grey Melange,Summer,2012.0,Casual,French Connection Men Grey Melange T-shirt
5086,Men,Apparel,Topwear,Tshirts,Black,Summer,2011.0,Casual,Wrangler Men's Bullrider Striper Polo Black T-shirt
46351,Men,Apparel,Topwear,Shirts,White,Summer,2012.0,Casual,Locomotive Men White Shirt
33593,Men,Apparel,Topwear,Tshirts,White,Summer,2012.0,Casual,Wrangler Men Summer Throwdown White T-shirt
20191,Men,Apparel,Topwear,Tshirts,Grey,Fall,2011.0,Casual,Wrangler Men Grey Polo T-shirt
18646,Men,Apparel,Topwear,Shirts,Purple,Fall,2011.0,Casual,United Colors of Benetton Men Stripes Purple Shirt
34247,Men,Apparel,Topwear,Tshirts,Blue,Summer,2012.0,Casual,Proline Men Blue T-shirt with Printed Detail
1909,Men,Apparel,Topwear,Tshirts,Blue,Fall,2010.0,Sports,Nike Mens Classic Sportswear T-shirt
4330,Unisex,Apparel,Topwear,Tshirts,Blue,Summer,2011.0,Casual,Tantra Kid's Unisex Caution Blue Kidswear
33065,Men,Apparel,Topwear,Shirts,Brown,Summer,2012.0,Casual,U.S. Polo Assn. Denim Co. Men Brown Check Shirt
9982,Men,Apparel,Topwear,Tshirts,Blue,Fall,2011.0,Sports,Nike Men Blue Polo T-shirt
33968,Women,Apparel,Topwear,Shirts,Gold,Summer,2012.0,Casual,Femella Women Gold Shirt
8804,Men,Apparel,Topwear,Shirts,Red,Fall,2011.0,Casual,Scullers Men Scul White Gingham Red Shirt
20377,Women,Apparel,Topwear,Jackets,Pink,Fall,2011.0,Casual,Urban Yoga Women Solid Pink Jacket
58015,Women,Apparel,Topwear,Tops,White,Fall,2012.0,Casual,Latin Quarters Women Pink Printed Top
18716,Women,Apparel,Topwear,Tops,Black,Fall,2011.0,Casual,Arrow Woman Shanna Black Top
28645,Women,Apparel,Topwear,Tshirts,Black,Summer,2012.0,Sports,Nike Women Bleach Black T-shirt
34353,Men,Apparel,Topwear,Tshirts,Blue,Summer,2012.0,Casual,Myntra Men Blue Diet Extreme T-shirt
9832,Women,Apparel,Topwear,Tshirts,Orange,Fall,2011.0,Casual,Little Miss Women Printed Rust T-shirt
9071,Men,Apparel,Topwear,Shirts,White,Fall,2011.0,Formal,Mark Taylor Men Solid White Shirts
13936,Women,Apparel,Topwear,Shirts,Red,Summer,2011.0,Casual,United Colors of Benetton Women Printed Red Shirts
7961,Men,Apparel,Topwear,Tshirts,Blue,Fall,2011.0,Sports,Puma Men's Graphic Mood Indigo Navy T-shirt
4390,Men,Apparel,Topwear,Tshirts,White,Summer,2011.0,Casual,Free Authority Men's Retro Music White T-shirt
30597,Men,Apparel,Topwear,Tshirts,Red,Summer,2012.0,Sports,Nike Men Reversible Red T-shirt
10665,Men,Apparel,Topwear,Tshirts,Black,Fall,2011.0,Casual,Doodle Boy Extream Racer Black Tshirts
15470,Men,Apparel,Topwear,Tshirts,Red,Fall,2011.0,Casual,Puma Men Ferrari Logo Red Tshirts
36239,Women,Apparel,Topwear,Tops,Pink,Summer,2012.0,Casual,W Women Dark Pink Top
44690,Women,Apparel,Topwear,Tops,White,Summer,2012.0,Casual,Wills Lifestyle Women Multi Coloured Top
16033,Men,Apparel,Topwear,Shirts,Red,Fall,2011.0,Casual,Highlander Men Check Red Shirt
9423,Men,Apparel,Topwear,Shirts,Black,Fall,2011.0,Formal,John Miller Men Blue stripe Black Shirts
20318,Men,Apparel,Topwear,Shirts,Maroon,Summer,2011.0,Casual,Mother Earth Men Solid Maroon Shirt
19593,Women,Apparel,Topwear,Tops,Brown,Fall,2011.0,Casual,United Colors of Benetton Women Printed Brown Top
57427,Women,Apparel,Topwear,Tshirts,Green,Summer,2015.0,Casual,Angry Birds Women Green T-shirt
3707,Men,Apparel,Topwear,Tshirts,Purple,Summer,2011.0,Casual,Classic Polo Men's Purple Black & Cream Stripe T-shirt
14916,Men,Apparel,Topwear,Tshirts,White,Fall,2011.0,Casual,Mr. Men Men Be Happy White Tshirts
26266,Men,Apparel,Topwear,Tshirts,Brown,Summer,2012.0,Casual,Proline Men Brown Polo T-Shirt
28807,Men,Apparel,Topwear,Shirts,Brown,Summer,2012.0,Casual,Denizen Men Check Brown Shirt
7026,Men,Apparel,Topwear,Tshirts,Green,Summer,2011.0,Casual,Classic Polo Men's Combo Pack of 2 Purple Seaweed Green T-shirt
24091,Men,Apparel,Topwear,Tshirts,Navy Blue,Fall,2011.0,Casual,Manchester United Men Navy Blue Striped T-shirt
11436,Women,Apparel,Topwear,Tshirts,Peach,Fall,2011.0,Casual,United Colors of Benetton Women Light Winter Peach T-shirt
40132,Boys,Apparel,Topwear,Shirts,Red,Summer,2012.0,Casual,Gini and Jony Boys Authentic Red Shirt
27151,Men,Apparel,Topwear,Shirts,Blue,Summer,2012.0,Formal,Mark Taylor Men Striped Blue Shirt
4955,Men,Apparel,Topwear,Shirts,Red,Summer,2011.0,Casual,Gini and Jony Boy's Kaiser Red Blue Kidswear
4747,Men,Apparel,Topwear,Tshirts,Green,Summer,2011.0,Sports,ADIDAS Men's Green Polo T-shirt
14322,Men,Apparel,Topwear,Jackets,Black,Fall,2011.0,Sports,ADIDAS Men Solid Black Jackets
49659,Women,Apparel,Topwear,Tops,Green,Summer,2012.0,Casual,Mineral Women Green Top
8477,Women,Apparel,Topwear,Jackets,Blue,Fall,2011.0,Casual,Forever New Women Washed Blue Jacket
3751,Men,Apparel,Topwear,Tshirts,Blue,Summer,2011.0,Casual,Status Quo Men's Ticket To Win Blue T-shirt
17904,Men,Apparel,Topwear,Jackets,Navy Blue,Fall,2011.0,Sports,Nike Men Football Soccer Navy Blue Jacket
33186,Women,Apparel,Topwear,Tops,Purple,Summer,2012.0,Casual,Sepia Women Purple Top
28620,Men,Apparel,Topwear,Tshirts,Blue,Summer,2012.0,Sports,Nike Men Blue T-shirt
14748,Men,Apparel,Topwear,Shirts,White,Fall,2011.0,Formal,Arrow Men Solid White Shirts
8200,Men,Apparel,Topwear,Tshirts,Black,Summer,2011.0,Casual,Locomotive Men Solid Lander Black T-Shirts
59105,Men,Apparel,Topwear,Rain Jacket,Blue,Fall,2012.0,Casual,Just Natural Men Navy Blue Rain Jacket
16422,Men,Apparel,Topwear,Tshirts,Red,Fall,2011.0,Casual,Levi's Men Printed Red Tshirts
19581,Men,Apparel,Topwear,Tshirts,White,Summer,2011.0,Casual,United Colors of Benetton Men Printed White Tshirt
43698,Boys,Apparel,Topwear,Tshirts,Yellow,Summer,2012.0,Casual,Doodle Boys Printed Yellow T-shirt
8435,Women,Apparel,Topwear,Tops,Purple,Fall,2011.0,Casual,Jealous 21 Women Edie Purple Top
26231,Men,Apparel,Topwear,Tshirts,Yellow,Summer,2012.0,Casual,Proline Men Yellow Printed T-shirt
32641,Women,Apparel,Topwear,Tshirts,Orange,Summer,2012.0,Sports,Nike Women Orange Striped Polo T-shirt
4396,Men,Apparel,Topwear,Tshirts,Grey,Summer,2011.0,Casual,Free Authority Men's Foil Washed Grey T-shirt
7641,Men,Apparel,Topwear,Tshirts,White,Fall,2011.0,Sports,Puma Men's Slogan White T-shirt
48256,Boys,Apparel,Topwear,Tshirts,Navy Blue,Summer,2012.0,Casual,The Amazing Spiderman Boys Navy Blue T-shirt
1757,Men,Apparel,Topwear,Tshirts,Black,Fall,2010.0,Sports,Lotto Men Polo Slate Black Rugby T-shirt
11722,Men,Apparel,Topwear,Shirts,Red,Summer,2011.0,Casual,Lee Men Check Red Shirts
13497,Men,Apparel,Topwear,Tshirts,Blue,Fall,2011.0,Casual,Chimp Men Rajni Blue Tshirts
26479,Men,Apparel,Topwear,Tshirts,Black,Summer,2012.0,Casual,Puma Men Ferrari Black Polo T-shirt
14785,Men,Apparel,Topwear,Shirts,Navy Blue,Fall,2013.0,Formal,Arrow Men Stripes Navy Blue Shirts
18759,Women,Apparel,Topwear,Shirts,Blue,Fall,2011.0,Casual,Arrow Woman Aiyanna Blue Shirt
15986,Men,Apparel,Topwear,Shirts,Yellow,Fall,2011.0,Casual,Turtle Check Men Yellow Shirt
46403,Men,Apparel,Topwear,Tshirts,Olive,Summer,2012.0,Casual,ADIDAS Men Olive Printed T-shirt
17246,Men,Apparel,Topwear,Tshirts,Navy Blue,Fall,2011.0,Casual,U.S. Polo Assn. Men Stripes Navy Blue Polo Tshirt
14057,Men,Apparel,Topwear,Tshirts,Black,Fall,2011.0,Casual,Flying Machine Men Printed Black Polo Tshirts
16334,Men,Apparel,Topwear,Shirts,Peach,Fall,2011.0,Formal,Peter England Men Stripes Peach Shirt
5109,Women,Apparel,Topwear,Tops,Black,Summer,2011.0,Casual,Wrangler Women Long Polka White Red Top
34354,Men,Apparel,Topwear,Tshirts,Blue,Summer,2012.0,Casual,Myntra Men Blue T-shirt
23540,Men,Apparel,Topwear,Sweatshirts,Black,Fall,2011.0,Casual,Classic Polo Men Black Sweatshirt
18989,Men,Apparel,Topwear,Tshirts,Blue,Summer,2011.0,Casual,ADIDAS Originals Men AC Grp Blue Tshirt
36323,Boys,Apparel,Topwear,Tshirts,Green,Summer,2012.0,Casual,Mr.Men Boys Mr. Funny Green T-shirt
13962,Women,Apparel,Topwear,Tops,Pink,Fall,2011.0,Casual,Jealous 21 Women Printed Pink Tops
11717,Men,Apparel,Topwear,Shirts,Yellow,Summer,2011.0,Casual,Lee Men Check Yellow Shirts
4059,Men,Apparel,Topwear,Tshirts,Blue,Summer,2011.0,Casual,Myntra Men's I Am Tired Of Working Sky Blue T-shirt
32638,Men,Apparel,Topwear,Tshirts,Blue,Summer,2012.0,Sports,Nike Men Epaulet UV Crew Blue T-shirt
8353,Boys,Apparel,Topwear,Tshirts,White,Fall,2011.0,Casual,Doodle Boy's Original Royal Classic White Kidswear
16541,Men,Apparel,Topwear,Shirts,Black,Fall,2011.0,Casual,Basics Men Black Slim Fit Checked Shirt
31290,Women,Apparel,Topwear,Tshirts,Pink,Summer,2012.0,Casual,Puma Women Striped Pink T-shirt
8852,Men,Apparel,Topwear,Shirts,Grey,Fall,2011.0,Casual,Mark Taylor Men Grey Striped Shirt
48082,Men,Apparel,Topwear,Tshirts,White,Summer,2012.0,Casual,French Connection Men White T-shirt
19644,Women,Apparel,Topwear,Tops,Red,Fall,2011.0,Casual,United Colors of Benetton Women Red Top
16492,Men,Apparel,Topwear,Tshirts,Blue,Fall,2011.0,Casual,Locomotive Men Printed Blue TShirt
6552,Women,Apparel,Topwear,Tops,White,Summer,2011.0,Sports,Nike Women Aero White Top
16529,Men,Apparel,Topwear,Shirts,Yellow,Fall,2011.0,Casual,Locomotive Men Check Yellow Shirt
21578,Women,Apparel,Topwear,Tshirts,Green,Winter,2012.0,Casual,Roxy Women Green Garden T-Shirt
6910,Women,Apparel,Topwear,Tshirts,White,Summer,2011.0,Casual,Tantra Women's Rupee White T-shirt
54937,Women,Apparel,Topwear,Tshirts,Beige,Summer,2012.0,Casual,Do u speak green Women Beige T-shirt
14508,Men,Apparel,Topwear,Tshirts,Navy Blue,Fall,2011.0,Sports,ADIDAS Men Solid Navy Blue Jerseys
11103,Men,Apparel,Topwear,Shirts,Blue,Fall,2011.0,Formal,Indigo Nation Men Stripes Blue Shirts
8017,Men,Apparel,Topwear,Tshirts,White,Fall,2011.0,Sports,Fila Men's Round Neck Black White T-shirt
2683,Men,Apparel,Topwear,Tshirts,Red,Summer,2011.0,Casual,Inkfruit Men's Red And Black T-shirt
33964,Women,Apparel,Topwear,Shirts,Black,Summer,2012.0,Casual,Femella Women Black Shirt
3942,Women,Apparel,Topwear,Tshirts,Purple,Summer,2011.0,Casual,Jealous 21 Women's Purple T-shirt
11746,Men,Apparel,Topwear,Tshirts,Yellow,Summer,2011.0,Casual,Lee Men Yellow Polo T-shirt
37787,Men,Apparel,Topwear,Shirts,Blue,Summer,2012.0,Casual,John Players Men Blue Striped Shirt
5755,Women,Apparel,Topwear,Tops,Pink,Summer,2011.0,Casual,Jealous 21 Women Pink Graphic Top
59112,Men,Apparel,Topwear,Jackets,Olive,Summer,2012.0,Casual,Just Natural Men Olive Jacket
13157,Men,Apparel,Topwear,Tshirts,Black,Fall,2011.0,Casual,Puma Men Jersey Black Polo Tshirts
52030,Unisex,Apparel,Topwear,Rain Jacket,Olive,Summer,2012.0,,Just Natural Unisex Olive Rain Jacket
52078,Men,Apparel,Topwear,Tshirts,White,Summer,2012.0,Casual,Myntra Men White & Blue T-shirt
5751,Women,Apparel,Topwear,Tshirts,Green,Summer,2011.0,Casual,Jealous 21 Women's Green Angel T-shirt
26482,Men,Apparel,Topwear,Tshirts,Grey,Summer,2012.0,Casual,Puma Men Printed Grey T-shirt
31368,Men,Apparel,Topwear,Tshirts,White,Fall,2012.0,Casual,Locomotive White T-Shirt
9669,Men,Apparel,Topwear,Shirts,Blue,Fall,2011.0,Casual,Indigo Nation Men Checks Blue Shirts
3793,Men,Apparel,Topwear,Tshirts,Blue,Summer,2011.0,Casual,Basics Men Blue & Yellow Striped Polo T-shirt
24561,Men,Apparel,Topwear,Shirts,Blue,Summer,2012.0,Casual,Lee Men Smithon Blue Shirt
32433,Men,Apparel,Topwear,Tshirts,White,Summer,2012.0,Casual,ADIDAS Men White Polo T-shirt
9425,Men,Apparel,Topwear,Shirts,Purple,Fall,2011.0,Formal,John Miller Men Purple Fila-Fil Shirts
4723,Girls,Apparel,Topwear,Tshirts,Blue,Summer,2011.0,Casual,Disney Kids Girl's Jeans Blue Teen Kidswear
41303,Boys,Apparel,Topwear,Shirts,Navy Blue,Summer,2012.0,Casual,Gini and Jony Boys Navy Blue Shirt
32505,Men,Apparel,Topwear,Shirts,Black,Summer,2012.0,Casual,Scullers Men Black Shirt
28805,Men,Apparel,Topwear,Shirts,Blue,Summer,2012.0,Casual,Denizen Men Check Blue Shirt
3544,Men,Apparel,Topwear,Tshirts,White,Summer,2011.0,Casual,Myntra Men's Turn me on White T-shirt
15185,Men,Apparel,Topwear,Sweaters,Black,Fall,2011.0,Casual,Arrow Sport Men Solid Black Sweaters
44867,Men,Apparel,Topwear,Tshirts,Green,Summer,2012.0,Casual,Puma Men Green Graphic Story T-shirt
12769,Women,Apparel,Topwear,Tops,Red,Fall,2011.0,Ethnic,Mother Earth Women Checks Red Shirts
9969,Men,Apparel,Topwear,Tshirts,Navy Blue,Fall,2011.0,Sports,Nike Men As Kobe Hunt Navy Blue T-Shirts
7756,Men,Apparel,Topwear,Tshirts,Black,Fall,2011.0,Casual,Indigo Nation Men Indigo Black Grey Silver T-shirt
7208,Women,Apparel,Topwear,Tops,White,Fall,2011.0,Casual,Jealous 21 Women's Flower Printed White Top
6001,Men,Apparel,Topwear,Shirts,Grey,Summer,2011.0,Casual,Highlander Men Grey Red Checked Slim Fit Shirt
32963,Men,Apparel,Topwear,Tshirts,Blue,Summer,2012.0,Casual,Angry Birds Men Printed Blue T-shirt
34373,Men,Apparel,Topwear,Tshirts,Orange,Summer,2012.0,Casual,Myntra Men Orange Banana T-shirt
5791,Women,Apparel,Topwear,Tops,Blue,Summer,2011.0,Casual,Jealous 21 Women's Butterfly Blue Top
4924,Women,Apparel,Topwear,Tops,White,Summer,2011.0,Casual,Gini and Jony Girl's Velia White Peach Infant Kidswear
7294,Men,Apparel,Topwear,Tshirts,Yellow,Summer,2011.0,Casual,Free Authority Men's Tattoo Gun Lime Yellow T-shirt
16502,Men,Apparel,Topwear,Tshirts,Navy Blue,Fall,2011.0,Casual,Locomotive Men Solid Navy Blue Polo TShirt
48361,Men,Apparel,Topwear,Shirts,Blue,Summer,2012.0,Casual,French Connection Men Blue Shirt
31784,Women,Apparel,Topwear,Tops,Red,Summer,2012.0,Casual,Lee Women Katie Red Top
25504,Boys,Apparel,Topwear,Tshirts,Blue,Fall,2011.0,Casual,Doodle Kids Boys Soccer Blue T-Shirt
20138,Women,Apparel,Topwear,Shirts,Navy Blue,Fall,2011.0,Casual,Wrangler Women Puff Navy Blue Shirt
57108,Women,Apparel,Topwear,Tops,White,Summer,2012.0,Casual,Elle Women White Top
6216,Men,Apparel,Topwear,Tshirts,Black,Summer,2011.0,Casual,Lee Men's Printed Black T-shirt
26919,Women,Apparel,Topwear,Tops,Purple,Summer,2012.0,Casual,Jealous 21 Women Purple Top
42117,Men,Apparel,Topwear,Tshirts,Grey,Summer,2012.0,Casual,ADIDAS Men Grey T-shirt
14736,Men,Apparel,Topwear,Shirts,White,Fall,2011.0,Formal,Arrow Men Solid White Shirts
24528,Men,Apparel,Topwear,Shirts,White,Fall,2011.0,Casual,Mother Earth Men White Shirt
34220,Men,Apparel,Topwear,Tshirts,Red,Summer,2013.0,Casual,Proline Red Polo T-shirt
13452,Women,Apparel,Topwear,Shirts,Green,Summer,2011.0,Casual,United Colors of Benetton Women Check Green Shirts
46384,Men,Apparel,Topwear,Tshirts,Black,Summer,2012.0,Casual,ADIDAS Men Black Printed T-shirt
11049,Men,Apparel,Topwear,Shirts,Red,Fall,2011.0,Casual,Scullers Men Check Red Shirts
3878,Men,Apparel,Topwear,Tshirts,Black,Summer,2011.0,Casual,Wrangler Men's Reverse Print Charcoal T-shirt
9065,Men,Apparel,Topwear,Shirts,Blue,Fall,2011.0,Formal,Mark Taylor Men Blue Striped Shirt
12241,Men,Apparel,Topwear,Shirts,White,Fall,2011.0,Formal,Genesis Men Stripes White Shirts
44850,Men,Apparel,Topwear,Tshirts,Black,Summer,2012.0,Casual,Puma Men Black Ferrari Logo T-shirt
15696,Men,Apparel,Topwear,Shirts,White,Fall,2011.0,Formal,Black coffee Men George White Shirts
39865,Boys,Apparel,Topwear,Tshirts,Red,Summer,2012.0,Casual,Gini and Jony Boys Polo Red T-Shirt
5427,Boys,Apparel,Topwear,Tshirts,Red,Summer,2011.0,Casual,Ant Kids Boy's Red Cartoon Pop Kidswear
34032,Boys,Apparel,Topwear,Shirts,Green,Summer,2012.0,Casual,Gini and Jony Boys Check Green Shirt
3534,Women,Apparel,Topwear,Tshirts,Black,Summer,2011.0,Casual,Myntra Women's I Want You Black T-shirt
15170,Men,Apparel,Topwear,Tshirts,Maroon,Fall,2011.0,Casual,Arrow Sport Men Stripes Maroon Polo Tshirts
12296,Men,Apparel,Topwear,Shirts,Red,Fall,2011.0,Formal,Genesis Men Red Striped Shirt
2138,Men,Apparel,Topwear,Shirts,Green,Spring,2011.0,Casual,Basics Men Green & Cream Slim Fit Shirt
11359,Women,Apparel,Topwear,Tshirts,Grey,Fall,2011.0,Casual,United Colors Of Benetton Women Light Winter Grey T-Shirts
11016,Women,Apparel,Topwear,Tops,Pink,Fall,2011.0,Casual,Wrangler Women Floral Print Pink Top
30340,Men,Apparel,Topwear,Tshirts,Off White,Summer,2012.0,Casual,Myntra Men Ego Off White T-shirt
6084,Men,Apparel,Topwear,Tshirts,White,Summer,2011.0,Casual,UCB Men's Johny Collar With Two Tone White T-shirt
7142,Women,Apparel,Topwear,Shirts,Purple,Fall,2011.0,Casual,Scullers For Her Women Light Work Purple Check Shirts
11772,Men,Apparel,Topwear,Tshirts,Black,Fall,2011.0,Casual,Lee Men Black Printed T-shirt
34094,Girls,Apparel,Topwear,Tops,Lime Green,Summer,2012.0,Casual,Doodle Girls Printed Lime Green Top
1890,Men,Apparel,Topwear,Tshirts,Red,Winter,2010.0,Casual,FIFA Mens Essentials Red T-shirt
28932,Men,Apparel,Topwear,Tshirts,Blue,Summer,2012.0,Casual,Mr. Men Printed Blue T-shirt
6200,Men,Apparel,Topwear,Tshirts,White,Summer,2011.0,Casual,UCB Men's Small Square Print White T-shirt
1947,Men,Apparel,Topwear,Tshirts,Blue,Fall,2010.0,Sports,Puma Mens Cricket Way of Life T-shirt
44896,Men,Apparel,Topwear,Tshirts,Blue,Summer,2012.0,Casual,Puma Men Blue Polo Neck T-shirt
16130,Women,Apparel,Topwear,Tops,Pink,Fall,2011.0,Casual,Tokyo Talkies Women Printed Pink Top
34112,Girls,Apparel,Topwear,Tops,White,Summer,2012.0,Casual,Doodle Girls Printed White Top
40143,Girls,Apparel,Topwear,Tops,Blue,Summer,2012.0,Casual,Gini and Jony Girls Pretty Blossom Blue Top
17190,Men,Apparel,Topwear,Shirts,Navy Blue,Winter,2016.0,Casual,U.S. Polo Assn. Men Checks Navy Blue Shirt
58498,Women,Apparel,Topwear,Tops,White,Summer,2012.0,Casual,Tonga Women Printed White Top
12179,Men,Apparel,Topwear,Shirts,White,Fall,2011.0,Casual,Basics Men White Slim Fit Striped Shirt
4749,Men,Apparel,Topwear,Tshirts,Red,Summer,2011.0,Casual,ADIDAS Men's Polo Red Polo T-shirt
3339,Men,Apparel,Topwear,Tshirts,White,Summer,2011.0,Casual,Myntra Hero Within White T-shirt
13155,Men,Apparel,Topwear,Tshirts,Blue,Fall,2011.0,Casual,Puma Men Vintage No.1 Logo Blue Tshirts
26866,Women,Apparel,Topwear,Tshirts,White,Summer,2012.0,Casual,Jealous 21 Women Printed White T-shirt
38948,Girls,Apparel,Topwear,Tops,Pink,Summer,2012.0,Casual,Gini and Jony Girls Printed Pink Top
10878,Men,Apparel,Topwear,Tshirts,Red,Fall,2011.0,Casual,Wrangler Men Red Polo Tshirts
3087,Men,Apparel,Topwear,Tshirts,Navy Blue,Summer,2011.0,Casual,Probase Mens  T-shirt
10641,Men,Apparel,Topwear,Tshirts,Red,Fall,2011.0,Casual,Doodle Boy D Print Red T-shirt
43312,Women,Apparel,Topwear,Sweaters,Blue,Summer,2012.0,Casual,United Colors of Benetton Women Blue Sweater
38581,Men,Apparel,Topwear,Tshirts,Red,Summer,2012.0,Casual,Nike Men Red T-shirt
3684,Men,Apparel,Topwear,Tshirts,Navy Blue,Summer,2011.0,Casual,Inkfruit Men's Into The Wild Navy T-shirt
10068,Men,Apparel,Topwear,Tshirts,White,Fall,2011.0,Casual,Puma Men lifestyle graphitti White Tshirts
13422,Men,Apparel,Topwear,Tshirts,White,Summer,2011.0,Casual,United Colors of Benetton Men Solid White Polo T-shirts
4052,Men,Apparel,Topwear,Tshirts,Black,Summer,2011.0,Casual,Myntra Men's Eagle Emblem Black T-shirt
14988,Men,Apparel,Topwear,Sweatshirts,Grey,Fall,2011.0,Casual,ADIDAS Men Solid Grey Sweatshirts
11728,Men,Apparel,Topwear,Tshirts,Red,Summer,2011.0,Casual,Lee Men Solid Red Tshirts
24943,Girls,Apparel,Topwear,Tshirts,White,Summer,2012.0,Casual,United Colors of Benetton Kids Girls White T-shirt
21235,Men,Apparel,Topwear,Shirts,Red,Fall,2011.0,Casual,Highlander Men Red Check Shirt
5943,Men,Apparel,Topwear,Shirts,Green,Summer,2011.0,Casual,Locomotive Men Green Checked Shirt
24529,Men,Apparel,Topwear,Shirts,Beige,Fall,2011.0,Casual,Mother Earth Men Beige Shirt
3125,Men,Apparel,Topwear,Tshirts,Black,Summer,2011.0,Casual,Inkfruit Men's Star War Black T-shirt
16419,Men,Apparel,Topwear,Tshirts,Green,Fall,2011.0,Casual,Levi's Men Stripes Green Tshirts
28553,Men,Apparel,Topwear,Tshirts,Navy Blue,Summer,2012.0,Casual,Nike Men Pique Navy Blue T-shirt
1760,Men,Apparel,Topwear,Tshirts,White,Fall,2010.0,Sports,Lotto Men Marcello White T-shirt
48075,Men,Apparel,Topwear,Tshirts,Turquoise Blue,Summer,2012.0,Casual,French Connection Men Blue T-shirt
34010,Girls,Apparel,Topwear,Tops,Black,Summer,2012.0,Casual,Gini and Jony Girls Black Top
5120,Women,Apparel,Topwear,Tshirts,Navy Blue,Summer,2011.0,Casual,Wrangler Women's Feel Good Navy Blue T-shirt
37094,Men,Apparel,Topwear,Tshirts,Blue,Summer,2012.0,Casual,Wills Sport Men Navy Blue and Pink Striped T-shirt
31289,Men,Apparel,Topwear,Tshirts,White,Summer,2012.0,Casual,Puma Men Training Polo White T-shirt
38596,Men,Apparel,Topwear,Tshirts,Black,Summer,2012.0,Casual,Nike Men Printed Texture Black T-shirt
7865,Men,Apparel,Topwear,Tshirts,Black,Fall,2011.0,Casual,Proline Men Black Printed Polo T-shirt
11783,Men,Apparel,Topwear,Tshirts,Grey,Summer,2011.0,Casual,Lee Men Printed Grey Tshirts
43330,Women,Apparel,Topwear,Tshirts,Yellow,Summer,2012.0,Casual,United Colors of Benetton Women Yellow Top
29629,Men,Apparel,Topwear,Shirts,Black,Summer,2012.0,Formal,Indigo Nation Men Check Black Shirt
34365,Men,Apparel,Topwear,Tshirts,Blue,Summer,2012.0,Casual,Myntra Men Blue Jazzy Moves T-shirt
57981,Women,Apparel,Topwear,Shirts,Red,Summer,2010.0,Casual,Latin Quarters Women Red Check Shirt
41988,Boys,Apparel,Topwear,Shirts,Blue,Summer,2012.0,Casual,Gini and Jony Boys Check Blue Shirt
41301,Girls,Apparel,Topwear,Tshirts,Pink,Summer,2012.0,Casual,Gini and Jony Grils Polo Striped Pink T-shirt
13754,Men,Apparel,Topwear,Shirts,White,Fall,2011.0,Formal,Belmonte Men Stripes White Shirts
54940,Women,Apparel,Topwear,Tshirts,Burgundy,Summer,2012.0,Casual,Do u speak green Women Burgundy T-shirt
2484,Women,Apparel,Topwear,Tshirts,White,Fall,2010.0,Sports,Puma Women Spagetti White Top
1812,Men,Apparel,Topwear,Tshirts,Green,Fall,2010.0,Sports,Solognac Men Green T-shirt
2322,Women,Apparel,Topwear,Tshirts,White,Fall,2010.0,Sports,Nike Womens Luck White T-shirt
57100,Women,Apparel,Topwear,Tops,Pink,Summer,2012.0,Casual,Elle Women Dark Pink Top
11743,Men,Apparel,Topwear,Tshirts,Green,Fall,2011.0,Casual,Lee Men Green Polo Tshirts
40436,Women,Apparel,Topwear,Tops,Black,Summer,2012.0,Casual,Tonga Women Black & White Printed Top
6879,Women,Apparel,Topwear,Tops,Peach,Summer,2011.0,Casual,Forever New Women Peach Floral Lace Neckline Peach Top
20340,Men,Apparel,Topwear,Tshirts,Grey,Summer,2011.0,Casual,Probase Men Printed Grey Tshirt
27213,Men,Apparel,Topwear,Shirts,Blue,Summer,2012.0,Casual,Doodle Kids Boy Check Blue Shirt
40018,Men,Apparel,Topwear,Tshirts,Black,Spring,2013.0,Casual,ADIDAS Men Black T-shirt
34219,Men,Apparel,Topwear,Tshirts,Sea Green,Summer,2013.0,Casual,Proline Sea Green Polo T-shirt
5188,Men,Apparel,Topwear,Tshirts,Black,Summer,2011.0,Casual,Linkin Park Men's Linking Black T-shirt
10418,Women,Apparel,Topwear,Tops,Black,Fall,2011.0,Casual,United Colors of Benetton Women Solid Black Tops
3451,Men,Apparel,Topwear,Tshirts,White,Fall,2010.0,Sports,ADIDAS Men's Delhi Daredevils Graphic White T-shirt
3967,Women,Apparel,Topwear,Tops,Pink,Summer,2011.0,Casual,Jealous 21 Women Pink & Beige Long Top
24947,Girls,Apparel,Topwear,Tops,Red,Summer,2012.0,Casual,United Colors of Benetton Kids Girls Red Printed Top
6083,Women,Apparel,Topwear,Tshirts,Pink,Summer,2011.0,Casual,UCB Women's Halftone Print Pink T-shirt
11297,Men,Apparel,Bottomwear,Jeans,Blue,Fall,2011.0,Casual,Wrangler Men Blue Custom Jeans
30605,Men,Apparel,Bottomwear,Track Pants,Grey,Summer,2012.0,Casual,Nike Men Classic Jersey Grey Track Pants
2558,Women,Apparel,Bottomwear,Track Pants,Black,Summer,2011.0,Casual,Domyos Women Trompette Track Pant
32585,Women,Apparel,Bottomwear,Trousers,Black,Summer,2012.0,Casual,Only  Women Black Trousers
48097,Women,Apparel,Bottomwear,Trousers,Green,Winter,2011.0,Casual,French Connection Women Green Trousers
14657,Men,Apparel,Bottomwear,Trousers,Grey,Fall,2011.0,Casual,Probase Men Solid DK.Grey Trousers
27215,Men,Apparel,Bottomwear,Shorts,Blue,Summer,2012.0,Casual,Doodle Kids Boy Striped Blue Shorts
50956,Women,Apparel,Bottomwear,Jeans,Black,Summer,2013.0,Casual,Lee Women Black Jeans
4949,Men,Apparel,Bottomwear,Shorts,Blue,Summer,2011.0,Casual,Gini and Jony Boy's Kimon Blue Bermuda Kidswear
15631,Men,Apparel,Bottomwear,Track Pants,Navy Blue,Winter,2014.0,Sports,Nike Men Navy Cricket Track Pants
30411,Men,Apparel,Bottomwear,Jeans,Blue,Summer,2012.0,Casual,Deni Yo Men Slim Fit Washed Blue Jeans
2579,Women,Apparel,Bottomwear,Shorts,Blue,Summer,2011.0,Sports,Domyos Women's Blue Short
4825,Men,Apparel,Bottomwear,Track Pants,Grey,Summer,2011.0,Sports,ADIDAS Men's Woven Lead White Track Pant
10018,Men,Apparel,Bottomwear,Shorts,Black,Fall,2012.0,Sports,Nike Men Black Three Quarter Track Pants
41961,Boys,Apparel,Bottomwear,Jeans,Navy Blue,Summer,2012.0,Casual,Gini and Jony Boys Raw Wash Navy Blue Jeans
44304,Men,Apparel,Bottomwear,Shorts,Grey,Summer,2012.0,Casual,Indian Terrain Men Grey Shorts
11349,Men,Apparel,Bottomwear,Jeans,Blue,Summer,2017.0,Casual,Lee Men Blue Chicago Fit Jeans
39797,Men,Apparel,Bottomwear,Trousers,Black,Summer,2012.0,Formal,Peter England Men Black Formal Trousers
3542,Men,Apparel,Bottomwear,Shorts,Black,Summer,2011.0,Sports,ADIDAS Men's Black Short
27917,Women,Apparel,Bottomwear,Trousers,Brown,Summer,2012.0,Formal,Scullers For Her Brown Striped Trousers
48462,Men,Apparel,Bottomwear,Shorts,Blue,Summer,2012.0,Casual,French Connection Men Blue Denim Shorts
13304,Women,Apparel,Bottomwear,Skirts,Red,Fall,2011.0,Casual,Gini and Jony Kids Girls Solid Red Skirts
42104,Men,Apparel,Bottomwear,Shorts,Navy Blue,Spring,2013.0,Casual,ADIDAS Men Navy Blue Shorts
28811,Men,Apparel,Bottomwear,Jeans,Blue,Summer,2012.0,Casual,Denizen Men Blue Jeans
27626,Men,Apparel,Bottomwear,Shorts,Brown,Summer,2012.0,Casual,Scullers Men Check Brown Cargo Shorts
12218,Men,Apparel,Bottomwear,Trousers,Beige,Fall,2011.0,Formal,Basics Men Solid Beige Trousers
51502,Women,Apparel,Bottomwear,Jeans,Blue,Summer,2012.0,Casual,Denizen Women Greenish Blue Jeans
49956,Men,Apparel,Bottomwear,Shorts,Black,Summer,2016.0,Casual,Hanes Men Black Panelled 3/4th Pants
37558,Girls,Apparel,Bottomwear,Shorts,Pink,Summer,2012.0,Casual,Madagascar3 Girls Pink Shorts
32250,Women,Apparel,Bottomwear,Skirts,Blue,Summer,2012.0,Ethnic,Fabindia Women Blue Skirts
28627,Men,Apparel,Bottomwear,Shorts,Black,Summer,2012.0,Sports,Nike Men Longer Knit Black Shorts
11235,Women,Apparel,Bottomwear,Jeans,Blue,Fall,2011.0,Casual,Flying Machine Women Midrise Blue Jeans
32457,Men,Apparel,Bottomwear,Shorts,Black,Spring,2013.0,Sports,ADIDAS Men Black Shorts
9854,Men,Apparel,Bottomwear,Trousers,Black,Fall,2011.0,Formal,Indian Terrain Men Laffer Black Trousers
31014,Men,Apparel,Bottomwear,Trousers,Black,Summer,2013.0,Formal,Arrow Men Black Trousers
16519,Men,Apparel,Bottomwear,Jeans,Black,Fall,2011.0,Casual,Locomotive Men Washed Black Jeans
26822,Men,Apparel,Bottomwear,Trousers,Olive,Summer,2012.0,Casual,Highlander Men Olive Trousers
16520,Men,Apparel,Bottomwear,Jeans,Grey,Fall,2011.0,Casual,Locomotive Men Washed Grey Jeans
15339,Women,Apparel,Bottomwear,Shorts,Grey,Fall,2011.0,Sports,Nike Women Solid Grey Shorts
15120,Men,Apparel,Bottomwear,Trousers,Charcoal,Fall,2011.0,Formal,Arrow Men Wooltouch Charcoal Trousers
16390,Men,Apparel,Bottomwear,Trousers,Olive,Spring,2013.0,Formal,Peter England Men Solid Olive Trouser
51498,Women,Apparel,Bottomwear,Jeans,Blue,Summer,2012.0,Casual,Denizen Women Blue Jeans
31459,Men,Apparel,Bottomwear,Shorts,Black,Summer,2012.0,Sports,Nike Men Football Black Shorts
51351,Women,Apparel,Bottomwear,Jeans,Blue,Summer,2012.0,Casual,Spykar Women Blue Jeans
5456,Men,Apparel,Bottomwear,Shorts,Navy Blue,Summer,2011.0,Sports,Nike Men's Basic Woven Med Blue Short
51507,Women,Apparel,Bottomwear,Jeans,Blue,Summer,2012.0,Casual,Denizen Women Indigo Blue Jeans
11241,Women,Apparel,Bottomwear,Jeans,Grey,Fall,2011.0,Casual,Flying Machine Women Veron Grey Jeans
16517,Men,Apparel,Bottomwear,Jeans,Blue,Fall,2011.0,Casual,Locomotive Men Washed Blue Jeans
46903,Men,Apparel,Bottomwear,Jeans,Blue,Summer,2012.0,Casual,Peter England Men Blue Jeans
50953,Women,Apparel,Bottomwear,Jeans,Blue,Winter,2011.0,Casual,Lee Womens Blue Maxi Fit Jeans
8845,Men,Apparel,Bottomwear,Trousers,Grey,Summer,2011.0,Casual,Scullers Men Scul Grey Trousers
34504,Women,Apparel,Bottomwear,Trousers,Beige,Summer,2012.0,Formal,Van Heusen Woman Beige Trousers
29688,Men,Apparel,Bottomwear,Shorts,Beige,Summer,2012.0,Casual,Indigo Nation Men Check White And Khaki Shorts
9950,Men,Apparel,Bottomwear,Shorts,Black,Fall,2011.0,Sports,ADIDAS Men M Rsp Black Shorts
3922,Men,Apparel,Bottomwear,Track Pants,Grey,Summer,2011.0,Casual,Urban Yoga Men Bottom Grey Melange Yoga Pants
13251,Men,Apparel,Bottomwear,Trousers,Beige,Fall,2011.0,Casual,Palm Tree Kids Boy Solid Beige Trousers
58560,Women,Apparel,Bottomwear,Jeans,Navy Blue,Fall,2012.0,Casual,Puma Women Navy Blue Jeans
14936,Men,Apparel,Bottomwear,Shorts,Khaki,Fall,2011.0,Casual,Status Quo Men Solid Khaki Shorts
51352,Women,Apparel,Bottomwear,Jeans,Blue,Summer,2012.0,Casual,Spykar Women Blue Jeans
38941,Boys,Apparel,Bottomwear,Shorts,Blue,Summer,2012.0,Casual,Gini and Jony Boys Blue Shorts
5789,Women,Apparel,Bottomwear,Shorts,White,Summer,2011.0,Casual,Jealous 21 Women's Blue White Checkered Short
56846,Men,Apparel,Bottomwear,Jeans,Blue,Fall,2012.0,Casual,John Players Men Blue Jeans
27020,Women,Apparel,Bottomwear,Jeans,Navy Blue,Summer,2012.0,Casual,Jealous 21 Women Navy Blue Jeans
9345,Men,Apparel,Bottomwear,Shorts,Green,Fall,2011.0,Casual,Puma Men Checks Green Shorts
35436,Girls,Apparel,Bottomwear,Shorts,Blue,Summer,2012.0,Casual,Doodle Girls Washed Blue Shorts
16518,Men,Apparel,Bottomwear,Jeans,Blue,Fall,2011.0,Casual,Locomotive Men Washed Blue Jeans
40126,Boys,Apparel,Bottomwear,Shorts,White,Summer,2012.0,Casual,Gini and Jony Boys Boxer White Shorts
26999,Women,Apparel,Bottomwear,Jeans,Blue,Summer,2012.0,Casual,Jealous 21 Women Washed Blue Jeans
26465,Men,Apparel,Bottomwear,Shorts,Black,Summer,2012.0,Sports,Puma Men Black Shorts
18976,Men,Apparel,Bottomwear,Track Pants,Red,Summer,2011.0,Casual,ADIDAS Originals Men Firebird Red Track Pants
57093,Women,Apparel,Bottomwear,Shorts,Blue,Summer,2012.0,Casual,Elle Women Blue Shorts
13672,Unisex,Apparel,Bottomwear,Jeans,Blue,Fall,2011.0,Casual,Levis Kids Blue Solid Jean
13263,Women,Apparel,Bottomwear,Skirts,Pink,Fall,2011.0,Casual,Palm Tree Kids Girl Solid Pink Skirts
13264,Women,Apparel,Bottomwear,Skirts,Pink,Fall,2011.0,Casual,Palm Tree Kids Girls Solid Pink Skirts
23041,Men,Apparel,Bottomwear,Trousers,Grey,Fall,2011.0,Formal,Arrow Men Navy Grey Trousers
14696,Men,Apparel,Bottomwear,Trousers,Olive,Fall,2011.0,Casual,Basics Men Olive Trousers
10751,Men,Apparel,Bottomwear,Track Pants,Grey,Fall,2011.0,Sports,Nike Men Breakline Grey Track Pants
39758,Boys,Apparel,Bottomwear,Shorts,Brown,Summer,2012.0,Casual,Gini Jony Boys Brown Shorts
54334,Women,Apparel,Bottomwear,Jeans,Blue,Fall,2012.0,Casual,Tokyo Talkies Women Blue Straight Skinny Fit Jeans
26805,Men,Apparel,Bottomwear,Trousers,Black,Summer,2012.0,Formal,Arrow Men Black Flat Front Trousers
27902,Women,Apparel,Bottomwear,Trousers,Black,Summer,2012.0,Casual,Scullers For Her Women Black Trousers
18197,Men,Apparel,Bottomwear,Trousers,Navy Blue,Fall,2011.0,Casual,Highlander Men Solid Navy Blue Trouser
16506,Men,Apparel,Bottomwear,Jeans,Blue,Fall,2011.0,Casual,Locomotive Men Washed Blue Jeans
17928,Men,Apparel,Bottomwear,Track Pants,Black,Fall,2011.0,Sports,Nike Men Casual Black Track Pant
26260,Men,Apparel,Bottomwear,Track Pants,Grey,Summer,2012.0,Sports,Proline Men Grey Track Pants
44665,Women,Apparel,Bottomwear,Trousers,Brown,Summer,2012.0,Casual,Wills Lifestyle Women Brown Trousers
39385,Men,Apparel,Bottomwear,Jeans,Grey,Summer,2012.0,Casual,Peter England Men Grey Jeans
18870,Women,Apparel,Bottomwear,Track Pants,Grey,Fall,2011.0,Casual,Puma Women Grey Core Track Pants
57089,Women,Apparel,Bottomwear,Skirts,Navy Blue,Summer,2012.0,Casual,Elle Women Blue Skirt
7783,Men,Apparel,Bottomwear,Track Pants,Black,Fall,2011.0,Casual,Urban Yoga Men Dhauti Black Track Pant
13302,Men,Apparel,Bottomwear,Shorts,Beige,Fall,2011.0,Casual,Gini and Jony Kids Boys Solid Beige Shorts
7432,Men,Apparel,Bottomwear,Shorts,Grey,Summer,2011.0,Sports,Proline Men Grey Sports Short SS11/VSSHT02 VG/PC/JR
32645,Men,Apparel,Bottomwear,Track Pants,Navy Blue,Summer,2012.0,Sports,Nike Men Knit Navy Blue Track Pants
16508,Men,Apparel,Bottomwear,Jeans,Blue,Fall,2011.0,Casual,Locomotive Men Washed Blue Jeans
38567,Men,Apparel,Bottomwear,Shorts,Black,Summer,2012.0,Casual,Nike Men Black Reflective Shorts
10445,Men,Apparel,Bottomwear,Jeans,Blue,Fall,2011.0,Casual,Flying Machine Men Midrise Blue Jeans
7188,Women,Apparel,Bottomwear,Jeans,Blue,Fall,2011.0,Casual,Jealous 21 Women Supper Skinny Zipped Medium Blue Jeans
31166,Boys,Apparel,Bottomwear,Shorts,Blue,Summer,2012.0,Casual,Gini and Jony Boys Washed Blue Denim Shorts
36841,Women,Apparel,Bottomwear,Jeans,Navy Blue,Summer,2012.0,Casual,Spykar Women Renegade Navy Blue Jeans
30410,Men,Apparel,Bottomwear,Jeans,Blue,Summer,2012.0,Casual,Deni Yo Men Slim Fit Washed Blue Jeans
19573,Men,Apparel,Bottomwear,Track Pants,Blue,Summer,2011.0,Casual,United Colors of Benetton Men Solid Blue Track Pants
33147,Girls,Apparel,Bottomwear,Jeans,Blue,Summer,2012.0,Casual,Gini and Jony Girls Blue Jeans
4815,Men,Apparel,Bottomwear,Shorts,Black,Summer,2011.0,Sports,ADIDAS Men's AP ST Black White Shorts
50942,Women,Apparel,Bottomwear,Jeans,Blue,Summer,2013.0,Casual,Lee Women Blue Jeans
7487,Women,Apparel,Bottomwear,Track Pants,Black,Summer,2011.0,Sports,Nike Women Be Strong Black Track Pant
7884,Men,Apparel,Bottomwear,Track Pants,Black,Fall,2011.0,Casual,Proline Men Black Track Pants
42595,Boys,Apparel,Bottomwear,Jeans,Grey,Summer,2012.0,Casual,United Colors of Benetton Boys Grey Slim Fit Jeans
37208,Women,Apparel,Bottomwear,Skirts,Black,Fall,2012.0,Casual,United Colors of Benetton Women Black Skirt
34147,Boys,Apparel,Bottomwear,Shorts,Blue,Summer,2012.0,Casual,Gini and Jony Boys Blue Denim Shorts
2106,Men,Apparel,Bottomwear,Shorts,Navy Blue,Fall,2010.0,Sports,ADIDAS Men's Chelsea Striped Black Shorts
18488,Men,Apparel,Bottomwear,Jeans,Blue,Fall,2011.0,Casual,Puma Men Stetchable Blue Jeans
42265,Men,Apparel,Bottomwear,Jeans,Blue,Summer,2012.0,Casual,John Players Men Blue Jeans
7192,Women,Apparel,Bottomwear,Jeans,Brown,Fall,2011.0,Casual,Jealous 21 Women Brown Jeggings
1573,Women,Apparel,Bottomwear,Track Pants,Grey,Fall,2010.0,Sports,Kalenji Women Athletes Grey Track Pants
51604,Women,Apparel,Bottomwear,Jeans,Navy Blue,Fall,2012.0,Casual,Kraus Jeans Women Navy Blue Jeans
22607,Men,Apparel,Bottomwear,Shorts,Navy Blue,Fall,2011.0,Sports,Nike Men Navy Blue Shorts
48395,Men,Apparel,Bottomwear,Trousers,Black,Summer,2012.0,Formal,French Connection Men Black Trousers
12765,Women,Apparel,Bottomwear,Jeans,Black,Fall,2011.0,Casual,Spykar Women Washed Black Jeans
14625,Men,Apparel,Bottomwear,Jeans,Blue,Fall,2011.0,Casual,United Colors of Benetton Men Washed Blue Jeans
42261,Men,Apparel,Bottomwear,Jeans,Blue,Summer,2012.0,Casual,John Players Men Blue Jeans
1799,Men,Apparel,Bottomwear,Track Pants,White,Summer,2011.0,Sports,Domyos Men Blue & White Tracksuit
37580,Girls,Apparel,Bottomwear,Shorts,Pink,Winter,2012.0,Casual,Madagascar 3 Girls Pink Shorts
24753,Women,Apparel,Bottomwear,Jeans,Blue,Fall,2012.0,Casual,Spykar Women Blue Slim Fit Jeans
13259,Women,Apparel,Bottomwear,Jeans,Black,Fall,2011.0,Casual,Palm Tree Kids Girl Washed Black Jeans
53751,Women,Apparel,Bottomwear,Track Pants,Mauve,Summer,2012.0,Casual,ADIDAS Women Mauve Track Pant
6536,Men,Apparel,Bottomwear,Shorts,Black,Summer,2011.0,Sports,Nike Men's Trophy Woven Black Short
57075,Women,Apparel,Bottomwear,Jeans,Blue,Summer,2012.0,Casual,Elle Blue Jeans
30617,Women,Apparel,Bottomwear,Track Pants,Grey,Summer,2012.0,Sports,Nike Women Grey Track Pants
9079,Men,Apparel,Bottomwear,Shorts,Black,Fall,2011.0,Sports,ADIDAS Men Adna 3s Shrt Kn Black Shorts
13781,Men,Apparel,Bottomwear,Trousers,Grey,Fall,2011.0,Formal,Belmonte Men Solid Grey Trousers
21433,Women,Apparel,Bottomwear,Shorts,Blue,Winter,2012.0,Casual,Roxy Women Beach Brights Blue Shorts
14688,Men,Apparel,Bottomwear,Trousers,Beige,Fall,2011.0,Casual,Basics Men Beige Trousers
6525,Women,Apparel,Bottomwear,Shorts,Yellow,Summer,2011.0,Sports,Nike Women's Tempo yellow Short
11293,Men,Apparel,Bottomwear,Jeans,,Fall,2016.0,Casual,Wrangler Men Blue Texas Jeans
46743,Men,Apparel,Bottomwear,Track Pants,Black,Summer,2012.0,Sports,Nike Men Black Track Pants
31338,Men,Apparel,Bottomwear,Jeans,Blue,Summer,2012.0,Casual,Locomotive Men Washed Blue Jeans
32452,Men,Apparel,Bottomwear,Shorts,Black,Winter,2015.0,Sports,ADIDAS Men Black Shorts
28497,Men,Apparel,Bottomwear,Shorts,Grey,Summer,2012.0,Sports,Urban Yoga Men Grey Shorts
22644,Men,Apparel,Bottomwear,Shorts,Navy Blue,Fall,2011.0,Sports,Nike Men Solid Navy Blue Shorts
12677,Men,Apparel,Bottomwear,Trousers,Grey,Fall,2011.0,Casual,Probase Men Check Grey Trousers
15632,Women,Apparel,Bottomwear,Track Pants,Black,Summer,2012.0,Sports,Nike Women AS Regular DF Cotton Black Track Pants
7134,Men,Apparel,Bottomwear,Track Pants,Navy Blue,Fall,2011.0,Casual,Urban Yoga Men Bottom Navy Yoga Pants
13248,Men,Apparel,Bottomwear,Trousers,Brown,Fall,2011.0,Casual,Palm Tree Kids Boy Solid Brown Trousers
31110,Boys,Apparel,Bottomwear,Jeans,Grey,Summer,2012.0,Casual,Gini and Jony Boys Washed Grey Jeans
48394,Men,Apparel,Bottomwear,Trousers,Black,Summer,2012.0,Formal,French Connection Men Black Trousers
34059,Boys,Apparel,Bottomwear,Shorts,Grey,Summer,2012.0,Casual,Gini and Jony Boys Grey Shorts
15330,Men,Apparel,Bottomwear,Shorts,Black,Summer,2012.0,Sports,Nike Men Solid Black Shorts
11294,Men,Apparel,Bottomwear,Jeans,Blue,Spring,2013.0,Casual,Wrangler Men Blue Floyd Jeans
16058,Men,Apparel,Bottomwear,Trousers,Khaki,Fall,2011.0,Casual,Highlander Men Solid Khaki Trouser
16072,Men,Apparel,Bottomwear,Trousers,Black,Fall,2011.0,Casual,Highlander Men Solid Black Trouser
16507,Men,Apparel,Bottomwear,Jeans,Blue,Fall,2011.0,Casual,Locomotive Men Washed Blue Jeans
10654,Women,Apparel,Bottomwear,Skirts,Blue,Fall,2011.0,Casual,Doodle Girl Denim skirt with belt Blue Skirts
32567,Women,Apparel,Bottomwear,Jeans,Blue,Summer,2012.0,Casual,ONLY Women Blue Jeans
6527,Men,Apparel,Bottomwear,Shorts,White,Summer,2011.0,Sports,Nike Men's Woven White Short
10597,Men,Apparel,Bottomwear,Jeans,Blue,Fall,2011.0,Casual,Flying Machine Men Skinny Jack Blue Jeans
27919,Women,Apparel,Bottomwear,Trousers,Brown,Summer,2012.0,Formal,Scullers For Her Light Brown Trousers
16613,Men,Apparel,Bottomwear,Trousers,Grey,Fall,2011.0,Formal,Genesis Men Stripes Grey Trouser
38577,Men,Apparel,Bottomwear,Track Pants,Navy Blue,Summer,2012.0,Sports,Nike Men Breakline Navy Blue Track Pants
13782,Men,Apparel,Bottomwear,Trousers,Black,Fall,2011.0,Formal,Belmonte Men Solid Black Trousers
26169,Men,Apparel,Bottomwear,Trousers,Black,Summer,2012.0,Formal,John Miller Men Black Trousers
27610,Men,Apparel,Bottomwear,Trousers,Grey,Summer,2012.0,Casual,Scullers Men Grey Trousers
48099,Women,Apparel,Bottomwear,Trousers,Brown,Summer,2012.0,Casual,French Connection Women Light Brown Trousers
2572,Women,Apparel,Bottomwear,Track Pants,Navy Blue,Summer,2011.0,Casual,Domyos Women Navy Blue Track Pants
40034,Men,Apparel,Bottomwear,Track Pants,Black,Summer,2012.0,Casual,ADIDAS Men Black Track Pants
24311,Men,Apparel,Bottomwear,Shorts,Black,Fall,2011.0,Casual,ADIDAS Men Black Shorts
16022,Men,Apparel,Bottomwear,Trousers,Olive,Fall,2011.0,Casual,Turtle Men Solid Khakhi Trouser
34252,Men,Apparel,Bottomwear,Shorts,Grey Melange,Summer,2013.0,Sports,Proline Grey Melange Shorts
15121,Men,Apparel,Bottomwear,Trousers,Charcoal,Fall,2011.0,Formal,Arrow Men Autoflex Charcoal Trousers
11260,Women,Apparel,Bottomwear,Skirts,Green,Summer,2011.0,Casual,Palm Tree Kids Girl Sp Jace Sko Green Skirts
30606,Men,Apparel,Bottomwear,Shorts,Blue,Summer,2012.0,Sports,Nike Men Running Blue Shorts
48496,Women,Apparel,Bottomwear,Trousers,Black,Winter,2011.0,Casual,French Connection Women Black Trousers
5804,Women,Apparel,Bottomwear,Jeans,Blue,Summer,2011.0,Casual,Jealous 21 Women's Blue Jegging
32420,Men,Apparel,Bottomwear,Shorts,Black,Summer,2012.0,Sports,ADIDAS Men Black Shorts
23401,Women,Apparel,Bottomwear,Jeans,Blue,Summer,2012.0,Casual,Spykar Women Jeans
16612,Men,Apparel,Bottomwear,Trousers,Navy Blue,Fall,2011.0,Formal,Genesis Men Stripes Navy Blue Trouser
45489,Men,Apparel,Bottomwear,Track Pants,Navy Blue,Fall,2012.0,Casual,Fila Men Navy Blue Track Pants
16918,Men,Apparel,Bottomwear,Jeans,Blue,Fall,2011.0,Casual,Spykar Men Washed Blue Jeans
30604,Men,Apparel,Bottomwear,Track Pants,Black,Summer,2012.0,Casual,Nike Men Classic Jersey Black Track Pants
8842,Men,Apparel,Bottomwear,Trousers,Beige,Summer,2011.0,Casual,Scullers Men Scul Beige Trousers
41162,Women,Apparel,Bottomwear,Trousers,Black,Summer,2012.0,Casual,Allen Solly Woman Black Trousers
27929,Women,Apparel,Bottomwear,Trousers,Brown,Summer,2012.0,Casual,Scullers For Her Brown Trousers
44931,Men,Apparel,Bottomwear,Jeans,Blue,Summer,2012.0,Casual,Jack & Jones Men Blue Jeans
57215,Women,Apparel,Bottomwear,Shorts,Beige,Fall,2012.0,Casual,Kraus Jeans Women Beige Shorts
32456,Men,Apparel,Bottomwear,Track Pants,Black,Spring,2013.0,Sports,ADIDAS Men Black Track Pants
13855,Men,Apparel,Bottomwear,Trousers,Blue,Fall,2011.0,Formal,Indigo Nation Men Solid Blue Trousers
15645,Men,Apparel,Bottomwear,Shorts,Black,Winter,2014.0,Sports,Nike Black Dri-fit Cotton     Cricket  Shorts
8026,Men,Apparel,Bottomwear,Track Pants,Black,Fall,2011.0,Sports,Fila Men's Cont Pipping Cotton Lower Black White Track Pant
12678,Men,Apparel,Bottomwear,Trousers,Black,Fall,2011.0,Casual,Probase Men Check Black Trousers
16071,Men,Apparel,Bottomwear,Trousers,Beige,Fall,2011.0,Casual,Highlander Men Solid Beige Trouser
41001,Girls,Apparel,Bottomwear,Shorts,Blue,Summer,2012.0,Casual,Gini and Jony  Girls Woven Blue Shorts
41360,Men,Apparel,Bottomwear,Jeans,Navy Blue,Summer,2016.0,Casual,Wrangler Men Navy Blue Millard Jeans
30925,Women,Apparel,Bottomwear,Skirts,Black,Summer,2012.0,Ethnic,Fabindia Women Printed Black Ghera Skirt
36741,Men,Apparel,Bottomwear,Jeans,Blue,Summer,2012.0,Casual,Spykar Men Aza Blue Jeans
27378,Men,Apparel,Bottomwear,Jeans,Blue,Summer,2012.0,Casual,Spykar Men Washed Blue Jeans
23453,Men,Apparel,Bottomwear,Jeans,Black,Fall,2011.0,Casual,Deni Yo Men Black Washed Slim Fit Jeans
11339,Men,Apparel,Bottomwear,Jeans,Blue,Summer,2017.0,Casual,Lee Men Blue Chicago Fit Jeans
44646,Women,Apparel,Bottomwear,Skirts,Black,Summer,2012.0,Formal,Arrow Woman Black Skirt
38993,Boys,Apparel,Bottomwear,Jeans,Blue,Summer,2012.0,Casual,Gini and Jony Boys Rodeo Blue Jeans
51396,Men,Apparel,Bottomwear,Shorts,Navy Blue,Summer,2012.0,Casual,Myntra Men Navy Blue Check Shorts
11280,Men,Apparel,Bottomwear,Jeans,Black,Fall,2011.0,Casual,Wrangler Men Black Texas Jeans
30927,Women,Apparel,Bottomwear,Skirts,Red,Summer,2012.0,Ethnic,Fabindia Women Red Ghera Crinkle Skirt
8950,Men,Apparel,Bottomwear,Trousers,Olive,Fall,2011.0,Casual,Indigo Nation Men ID Yarn Dyed Olive Trousers
27008,Women,Apparel,Bottomwear,Jeans,Black,Summer,2012.0,Casual,Jealous 21 Women Washed Black Jeggings
16513,Men,Apparel,Bottomwear,Jeans,Blue,Fall,2011.0,Casual,Locomotive Men Washed Blue Jeans
3508,Men,Apparel,Bottomwear,Track Pants,White,Fall,2010.0,Sports,ADIDAS Men's White Black Tracksuit
7533,Men,Apparel,Bottomwear,Shorts,Black,Summer,2011.0,Sports,Nike Men's As T90 Black Short
26825,Men,Apparel,Bottomwear,Trousers,Beige,Summer,2012.0,Casual,Highlander Men Beige Trousers
7433,Men,Apparel,Bottomwear,Shorts,Navy Blue,Summer,2011.0,Casual,Proline Men Navy Shorts
48388,Men,Apparel,Bottomwear,Jeans,Blue,Summer,2012.0,Casual,French Connection Men Blue Jeans
27928,Women,Apparel,Bottomwear,Trousers,Beige,Summer,2012.0,Casual,Scullers For Her Beige Trouser
26504,Men,Apparel,Bottomwear,Trousers,Navy Blue,Fall,2012.0,Casual,Arrow Sport Men Dark Navy Blue Trousers
13515,Women,Apparel,Bottomwear,Skirts,Blue,Fall,2011.0,Casual,Palm Tree Kids Girl Washed Blue Skirts
8841,Men,Apparel,Bottomwear,Trousers,Cream,Summer,2011.0,Casual,Scullers Men Scul Cream Trousers
20913,Men,Apparel,Bottomwear,Jeans,Blue,Fall,2011.0,Casual,Deni Yo Men Washed Blue Jeans
37559,Girls,Apparel,Bottomwear,Shorts,Green,Summer,2012.0,Casual,Madagascar3 Girls Green Shorts
51360,Women,Apparel,Bottomwear,Jeans,Blue,Summer,2012.0,Casual,Spykar Women Blue Jeans
50954,Women,Apparel,Bottomwear,Jeans,Blue,Winter,2011.0,Casual,Lee Womens Blue Jeans
27184,Men,Apparel,Bottomwear,Trousers,Black,Summer,2012.0,Formal,Mark Taylor Men Striped Black Trousers
33271,Girls,Apparel,Bottomwear,Skirts,Red,Summer,2012.0,Casual,Gini and Jony Girls Red Skirt
41977,Boys,Apparel,Bottomwear,Shorts,White,Summer,2012.0,Casual,Gini and Jony Boys Beach White Shorts
10021,Men,Apparel,Bottomwear,Shorts,White,Spring,2013.0,Sports,Nike Men As Woven Shor White Shorts
33306,Boys,Apparel,Bottomwear,Jeans,Grey,Summer,2012.0,Casual,Gini and Jony Boys Washed Grey Jeans
51377,Men,Apparel,Bottomwear,Shorts,Khaki,Summer,2012.0,Casual,Myntra Men Khaki Shorts
33307,Boys,Apparel,Bottomwear,Jeans,Grey,Summer,2012.0,Casual,Gini and Jony Boys Washed Grey Jeans
16330,Men,Apparel,Bottomwear,Trousers,Brown,Fall,2011.0,Casual,Peter England Men Solid Brown Trouser
13258,Girls,Apparel,Bottomwear,Shorts,Purple,Fall,2011.0,Casual,Gini and Jony Girls Purple Shorts
33538,Women,Apparel,Bottomwear,Jeans,Black,Summer,2012.0,Casual,Wrangler Women Black Giselle Jeans
38574,Men,Apparel,Bottomwear,Track Pants,Grey,Summer,2012.0,Sports,Nike Men Grey Track Pants
29848,Men,Apparel,Bottomwear,Trousers,Black,Summer,2012.0,Casual,Basics Men Black Trousers
51487,Men,Apparel,Bottomwear,Trousers,Black,Summer,2012.0,Casual,Denizen Men Black Trousers
12752,Men,Apparel,Bottomwear,Jeans,Blue,Fall,2011.0,Casual,Spykar Men Ep Jeans Blue Jeans
7879,Men,Apparel,Bottomwear,Shorts,Grey,Fall,2011.0,Sports,Proline Men Grey Comfort Fit Sports Shorts
27199,Women,Apparel,Bottomwear,Skirts,Grey,Summer,2012.0,Casual,Doodle Kids Girl Printed Grey Skirt
26820,Men,Apparel,Bottomwear,Trousers,Navy Blue,Summer,2012.0,Casual,Highlander Men Navy Blue Trousers
2190,Men,Apparel,Bottomwear,Track Pants,Grey,Fall,2010.0,Sports,ADIDAS Men Lead Light Track Pant
27614,Men,Apparel,Bottomwear,Trousers,Beige,Summer,2012.0,Casual,Scullers Men Beige Trousers
31352,Men,Apparel,Bottomwear,Jeans,Navy Blue,Summer,2012.0,Casual,Locomotive Men Navy Blue Jeans
15683,Men,Apparel,Bottomwear,Trousers,Khaki,Fall,2011.0,Casual,Highlander Men Classic Chinos Khaki Trousers
44912,Men,Apparel,Bottomwear,Track Pants,Black,Summer,2012.0,Casual,Puma Men Black Track Pants
26143,Men,Apparel,Bottomwear,Trousers,Charcoal,Summer,2012.0,Formal,John Miller Men Charcoal Trousers
43520,Women,Apparel,Bottomwear,Skirts,Navy Blue,Summer,2012.0,Formal,French Connection Women Navy Blue Skirt
30637,Women,Apparel,Bottomwear,Shorts,Red,Summer,2012.0,Sports,Nike Women Printed Tempo Red Shorts
24607,Women,Apparel,Bottomwear,Jeans,Blue,Fall,2011.0,Casual,Spykar Women Blue Washed Jeans
10671,Boys,Apparel,Bottomwear,Shorts,Green,Fall,2011.0,Casual,Doodle Boy Army  Green Shorts
16063,Men,Apparel,Bottomwear,Trousers,Olive,Fall,2011.0,Casual,Highlander Men Solid Olive Trouser
15560,Men,Apparel,Bottomwear,Jeans,Blue,Fall,2011.0,Casual,Spykar Men Washed Blue Jeans
26379,Men,Apparel,Bottomwear,Trousers,Olive,Summer,2012.0,Casual,Turtle Men Striped Grey Trousers
35437,Girls,Apparel,Bottomwear,Shorts,Black,Summer,2012.0,Casual,Doodle Girls Washed Black Shorts
12287,Men,Apparel,Bottomwear,Trousers,Black,Fall,2011.0,Formal,Genesis Men Solid Black Trousers
11237,Women,Apparel,Bottomwear,Jeans,Blue,Fall,2011.0,Casual,Flying Machine Women Blue Jeans
11327,Men,Apparel,Bottomwear,Jeans,Blue,Fall,2011.0,Casual,United Colors of Benetton Men Washed Blue Jeans
8022,Men,Apparel,Bottomwear,Track Pants,Navy Blue,Fall,2011.0,Sports,Fila Men's Single Tipped Woven Navy White Track Pant
35939,Men,Apparel,Bottomwear,Jeans,Blue,Winter,2016.0,Casual,Flying Machine Men Skinny Blue Jeans
39225,Women,Apparel,Bottomwear,Trousers,Brown,Summer,2012.0,Casual,Femella Women Heart Print  Brown Trousers
5454,Men,Apparel,Bottomwear,Shorts,Black,Summer,2011.0,Sports,Nike Men's Basic Woven Med Black Short
13256,Men,Apparel,Bottomwear,Shorts,White,Fall,2011.0,Casual,Palm Tree Kids Boys Check White Shorts
11287,Men,Apparel,Bottomwear,Jeans,Blue,Summer,2016.0,Casual,Wrangler Men Blue Texas Jeans
4835,Men,Apparel,Bottomwear,Track Pants,Blue,Summer,2011.0,Sports,ADIDAS Men's Woven Steel Track Pant
14694,Men,Apparel,Bottomwear,Trousers,Green,Fall,2011.0,Casual,Basics Men Green Trousers
15609,Men,Apparel,Bottomwear,Shorts,Grey,Summer,2012.0,Sports,Nike Men Trainng Grey Shorts
39807,Men,Apparel,Bottomwear,Trousers,Navy Blue,Spring,2013.0,Formal,Peter England Men Navy Blue Formal Trousers
26243,Men,Apparel,Bottomwear,Shorts,Grey Melange,Summer,2012.0,Sports,Proline Grey Melange Shorts
26311,Men,Apparel,Bottomwear,Shorts,Charcoal,Summer,2012.0,Sports,Proline Charcoal Grey Shorts
3918,Men,Apparel,Bottomwear,Track Pants,Grey,Summer,2011.0,Casual,Urban Yoga Men Grey  Bottom Yoga Pants
6898,Women,Apparel,Bottomwear,Skirts,Cream,Summer,2011.0,Casual,Forever New Women's Formal Cream Skirt
18711,Women,Apparel,Bottomwear,Skirts,Brown,Fall,2011.0,Casual,Arrow Woman Printed Brown Skirt
4828,Men,Apparel,Bottomwear,Track Pants,Grey,Summer,2011.0,Sports,ADIDAS Men's Cont Grey Track Pant
2111,Women,Apparel,Bottomwear,Track Pants,Black,Fall,2010.0,Sports,ADIDAS Women's Sunset Lycra Fit Track Pants
27598,Men,Apparel,Bottomwear,Trousers,Grey,Summer,2012.0,Casual,Scullers Men Check Grey Trousers
15117,Men,Apparel,Bottomwear,Trousers,Grey,Fall,2011.0,Formal,Arrow Men Solid Grey Trousers
7633,Men,Apparel,Bottomwear,Shorts,Black,Fall,2011.0,Sports,Puma Men's Woven Black Short
5771,Women,Apparel,Bottomwear,Jeans,Black,Summer,2011.0,Casual,Jealous 21 Women's Black Grey Jegging
17902,Men,Apparel,Bottomwear,Track Pants,Navy Blue,Fall,2011.0,Sports,Nike Men Trainng Navy Blue Track Pant
19948,Men,Apparel,Bottomwear,Shorts,Black,Summer,2011.0,Casual,Puma Men Black Baggy Shorts
12759,Women,Apparel,Bottomwear,Jeans,Blue,Fall,2011.0,Casual,Spykar Women Washed Blue Jeans
12213,Men,Apparel,Bottomwear,Trousers,Grey,Fall,2011.0,Casual,Basics Men Grey New Improved Fit Trousers
27185,Men,Apparel,Bottomwear,Trousers,Brown,Summer,2012.0,Formal,Mark Taylor Men Striped Brown Trousers
26384,Men,Apparel,Bottomwear,Trousers,Black,Summer,2012.0,Formal,Turtle Men Black Trousers
4952,Men,Apparel,Bottomwear,Shorts,Black,Summer,2011.0,Casual,Gini and Jony Boy's Kimon Black Bermuda Infant Kidswear
26818,Men,Apparel,Bottomwear,Trousers,Grey,Summer,2012.0,Formal,Arrow Men Check Grey Trousers
43081,Women,Apparel,Bottomwear,Track Pants,Navy Blue,Summer,2012.0,Casual,Nike Women Navy Blue Track Pant
26843,Men,Apparel,Bottomwear,Trousers,Grey,Summer,2012.0,Casual,Highlander Men Light Grey Trousers
15335,Men,Apparel,Bottomwear,Shorts,Navy Blue,Summer,2012.0,Sports,Nike Men Solid Navy Blue Shorts
16062,Men,Apparel,Bottomwear,Trousers,Navy Blue,Fall,2011.0,Casual,Highlander Men Solid Navy Blue Trouser
8030,Men,Apparel,Bottomwear,Track Pants,Grey,Fall,2011.0,Sports,Fila Men's Basic Cotton Lower Grey Track Pant
27181,Men,Apparel,Bottomwear,Trousers,Blue,Summer,2012.0,Formal,Mark Taylor Men Striped Blue Trousers
16057,Men,Apparel,Bottomwear,Trousers,Brown,Fall,2011.0,Casual,Highlander Men Solid Brown Trouser
28143,Men,Apparel,Bottomwear,Shorts,Navy Blue,Fall,2016.0,Casual,Jockey 24 x 7 Men Navy Blue Knit Sport Shorts 9426
28460,Women,Apparel,Bottomwear,Shorts,Pink,Summer,2012.0,Sports,Urban Yoga Women Pink Shorts
27607,Men,Apparel,Bottomwear,Trousers,Cream,Summer,2012.0,Casual,Scullers Men Cream Trousers
43224,Women,Apparel,Bottomwear,Trousers,Black,Fall,2012.0,Formal,United Colors of Benetton Women Black Trouser
12676,Men,Apparel,Bottomwear,Trousers,Brown,Fall,2011.0,Casual,Probase Men Solid Brown Trousers
11316,Women,Apparel,Bottomwear,Trousers,Beige,Fall,2011.0,Casual,United Colors of Benetton Women Beige Trouser
11279,Men,Apparel,Bottomwear,Jeans,Blue,Fall,2011.0,Casual,Wrangler Men Blue Texas Jeans
27217,Men,Apparel,Bottomwear,Shorts,Beige,Summer,2012.0,Casual,Doodle Kids Boy  Beige Shorts
41354,Women,Apparel,Bottomwear,Jeans,Black,Summer,2012.0,Casual,Wrangler Women Black Giselle Jeans
13346,Women,Apparel,Bottomwear,Jeans,Blue,Fall,2011.0,Casual,Spykar Women Washed Blue Jeans
22589,Men,Apparel,Bottomwear,Shorts,Navy Blue,Fall,2011.0,Sports,Nike Men Solid Navy Blue Shorts
5004,Women,Apparel,Bottomwear,Skirts,Blue,Summer,2011.0,Casual,Gini and Jony Girl's Delma Blue Kidswear
27203,Men,Apparel,Bottomwear,Jeans,Blue,Summer,2012.0,Casual,Doodle Kids Boy  Blue Jeans
11128,Men,Apparel,Bottomwear,Track Pants,Beige,Fall,2011.0,Sports,Urban Yoga Men Solid Beige Track Pants
2192,Men,Apparel,Bottomwear,Shorts,White,Fall,2010.0,Sports,ADIDAS Men White Short
11296,Men,Apparel,Bottomwear,Jeans,Blue,Fall,2011.0,Casual,Wrangler Men Blue Custom Jeans
50955,Women,Apparel,Bottomwear,Jeans,Blue,Winter,2011.0,Casual,Lee Womens Blue Roxy Fit Jeans
9078,Men,Apparel,Bottomwear,Track Pants,Black,Spring,2013.0,Sports,ADIDAS Men Crkt Col Pant Black Trackpant
42113,Men,Apparel,Bottomwear,Track Pants,Navy Blue,Summer,2012.0,Sports,ADIDAS Men Navy Blue Track Pants
7537,Men,Apparel,Bottomwear,Track Pants,Grey,Summer,2011.0,Sports,Nike Men's Classic Fresh Grey Track Pant
1884,Men,Apparel,Bottomwear,Track Pants,Navy Blue,Winter,2010.0,Casual,FIFA Mens 1905 Heritage Collection Track Pants
41700,Men,Apparel,Bottomwear,Shorts,Black,Summer,2012.0,Casual,DC Comics Men Black Printed Shorts
41347,Men,Apparel,Bottomwear,Jeans,,Fall,2016.0,Casual,Wrangler Men Black Texas Jeans
7898,Men,Apparel,Bottomwear,Shorts,Red,Fall,2011.0,Casual,Proline Men Red Shorts
29781,Men,Apparel,Bottomwear,Trousers,Charcoal,Summer,2013.0,Casual,Basics Men Steel Charcoal Trousers
58562,Women,Apparel,Bottomwear,Jeans,Navy Blue,Fall,2012.0,Casual,Puma Women Navy Blue Jeans
39806,Men,Apparel,Bottomwear,Trousers,Black,Spring,2013.0,Formal,Peter England Men Black Trousers
57137,Women,Apparel,Bottomwear,Trousers,Khaki,Summer,2012.0,Casual,Elle Women Khaki Trousers
26162,Men,Apparel,Bottomwear,Trousers,Black,Summer,2012.0,Formal,John Miller Men Black Trousers
33817,Men,Apparel,Bottomwear,Trousers,Navy Blue,Summer,2012.0,Formal,Van Heusen Men Travelite Pleated Navy Blue Trousers
2107,Men,Apparel,Bottomwear,Shorts,Navy Blue,Fall,2010.0,Sports,ADIDAS Men's Chelsea Striped Navy Shorts
12953,Men,Apparel,Bottomwear,Trousers,Brown,Fall,2011.0,Casual,Basics Men Brown Trousers
31454,Women,Apparel,Bottomwear,Skirts,Black,Summer,2012.0,Sports,Nike Women Tennis Black Skirt
57077,Women,Apparel,Bottomwear,Jeans,Blue,Summer,2012.0,Casual,Elle Women Light Blue Jeans
13244,Men,Apparel,Bottomwear,Shorts,Black,Fall,2011.0,Casual,Palm Tree Kids Boys Solid Black Shorts
37173,Boys,Apparel,Bottomwear,Shorts,Red,Summer,2012.0,Casual,United Colors of Benetton Boys Knitted shorts
26827,Men,Apparel,Bottomwear,Trousers,Olive,Summer,2012.0,Casual,Highlander Men Olive Trousers
26146,Men,Apparel,Bottomwear,Trousers,Charcoal,Summer,2012.0,Formal,John Miller Men Striped Charcoal Trousers
37560,Girls,Apparel,Bottomwear,Shorts,White,Summer,2012.0,Casual,Madagascar3 Girls White Shorts
26844,Men,Apparel,Bottomwear,Trousers,Black,Summer,2012.0,Casual,Highlander Men Black Trousers
39314,Girls,Apparel,Bottomwear,Skirts,Red,Summer,2012.0,Casual,Gini and Jony Girls Red Skirt
8388,Women,Apparel,Bottomwear,Track Pants,Black,Fall,2011.0,Sports,ADIDAS Women Wo Basic Black Track Pants
46892,Men,Apparel,Bottomwear,Jeans,Blue,Summer,2012.0,Casual,Locomotive Men Blue Jeans
12216,Men,Apparel,Bottomwear,Trousers,Green,Summer,2013.0,Formal,Basics Men Green Trousers
16380,Men,Apparel,Bottomwear,Trousers,Brown,Fall,2011.0,Formal,Peter England Men Stripes Dark Brown Trouser
32586,Women,Apparel,Bottomwear,Trousers,Brown,Summer,2012.0,Casual,ONLY Women Brown Trousers
13783,Men,Apparel,Bottomwear,Trousers,Khaki,Fall,2011.0,Formal,Belmonte Men Solid Khaki Trousers
40082,Men,Apparel,Bottomwear,Shorts,Navy Blue,Winter,2014.0,Casual,ADIDAS Men Navy Blue Short
14029,Women,Apparel,Bottomwear,Track Pants,Grey,Fall,2011.0,Sports,Nike Women Solid Grey Track Pants
28500,Men,Apparel,Bottomwear,Track Pants,Grey,Summer,2012.0,Sports,Urban Yoga Men Grey Track Pants
11336,Men,Apparel,Bottomwear,Jeans,Blue,Fall,2011.0,Casual,United Colors of Benetton Men Washed Blue Jeans
39759,Boys,Apparel,Bottomwear,Shorts,Brown,Summer,2012.0,Casual,Gini Jony Boys Brown Shorts
7892,Men,Apparel,Bottomwear,Shorts,Grey,Fall,2011.0,Casual,Proline Men Grey & White Checked Shorts
30920,Women,Apparel,Bottomwear,Trousers,Green,Summer,2012.0,Ethnic,Fabindia Women Green Harem Pants
31476,Men,Apparel,Bottomwear,Trousers,Charcoal,Summer,2012.0,Casual,Black Coffee Men Striped Charcoal Trousers
9173,Men,Apparel,Bottomwear,Jeans,Blue,Fall,2011.0,Casual,Locomotive Men Bao Blue Jeans
16805,Girls,Apparel,Bottomwear,Skirts,Black,Fall,2011.0,Casual,ANT Kids Girls Printed Black Skirt
37582,Girls,Apparel,Bottomwear,Shorts,White,Summer,2012.0,Casual,Madagascar3 Girls White Shorts
37111,Men,Apparel,Bottomwear,Trousers,Charcoal,Summer,2012.0,Formal,Wills Lifestyle Men Charcoal Trousers
16061,Men,Apparel,Bottomwear,Trousers,Olive,Fall,2011.0,Casual,Highlander Men Solid Olive Trouser
21582,Women,Apparel,Bottomwear,Jeans,Blue,Summer,2011.0,Casual,United Colors of Benetton Women Washed Blue Jeans
51504,Women,Apparel,Bottomwear,Jeans,Blue,Summer,2012.0,Casual,Denizen Women Blue Jeans
48398,Men,Apparel,Bottomwear,Jeans,Blue,Summer,2012.0,Casual,French Connection Men Blue Jeans
12338,Women,Apparel,Bottomwear,Jeans,Blue,Fall,2011.0,Casual,Spykar Women Ep Jeans Blue Jeans
13299,Men,Apparel,Bottomwear,Shorts,White,Fall,2011.0,Casual,Gini and Jony Men Solid White Shorts
39750,Boys,Apparel,Bottomwear,Shorts,Beige,Summer,2012.0,Casual,Gini Jony Boys Beige Shorts
14121,Men,Apparel,Bottomwear,Jeans,Blue,Winter,2016.0,Casual,Flying Machine Washed Blue Jeans
9178,Men,Apparel,Bottomwear,Jeans,Blue,Fall,2011.0,Casual,Locomotive Men Eero Blue Jeans
27629,Men,Apparel,Bottomwear,Shorts,Brown,Summer,2012.0,Casual,Scullers Men Check Brown Shorts
30598,Men,Apparel,Bottomwear,Shorts,Black,Summer,2012.0,Sports,Nike Men Hustle Reversible Black Shorts
25033,Men,Apparel,Bottomwear,Track Pants,Grey,Summer,2011.0,Sports,Nike Men Grey Track Pant
41348,Men,Apparel,Bottomwear,Jeans,Navy Blue,Summer,2016.0,Casual,Wrangler Men Navy Blue Skanders Jeans
32251,Women,Apparel,Bottomwear,Skirts,Purple,Summer,2012.0,Ethnic,Fabindia Women Purple Skirt
54896,Boys,Apparel,Bottomwear,Trousers,Olive,Summer,2012.0,Casual,Do u speak green Boys Olive Trousers
15341,Women,Apparel,Bottomwear,Shorts,Pink,Fall,2011.0,Sports,Nike Women Solid Pink Shorts
11335,Men,Apparel,Bottomwear,Jeans,Blue,Fall,2011.0,Casual,United Colors of Benetton Men Washed Blue Jeans
41356,Men,Apparel,Bottomwear,Jeans,Blue,Summer,2016.0,Casual,Wrangler Men Blue Skanders Jeans
11328,Men,Apparel,Bottomwear,Jeans,Blue,Fall,2011.0,Casual,United Colors of Benetton Men Washed Blue Jeans
54925,Men,Apparel,Bottomwear,Shorts,Cream,Summer,2012.0,Casual,Do U Speak Green Men Cream Shorts
9163,Men,Apparel,Bottomwear,Jeans,Blue,Fall,2011.0,Casual,Locomotive Men Cael Blue Jeans
17995,Women,Apparel,Bottomwear,Track Pants,Grey,Summer,2010.0,Sports,Puma Women Essential Skinny Grey Track Pant
46387,Men,Apparel,Bottomwear,Shorts,Black,Summer,2012.0,Casual,ADIDAS Men Black Shorts
27267,Women,Apparel,Bottomwear,Trousers,Navy Blue,Winter,2012.0,Formal,Arrow Women Navy Blue Pinstripe Trousers
52235,Men,Apparel,Bottomwear,Jeans,Blue,Summer,2012.0,Casual,Pepe Jeans Men Dark Blue Jeans
50665,Men,Apparel,Bottomwear,Shorts,Navy Blue,Winter,2016.0,Sports,Chromozome Men Navy Blue Soccer Shorts
5762,Women,Apparel,Bottomwear,Shorts,Blue,Summer,2011.0,Casual,Jealous 21 Women's White Blue Shorts
4796,Men,Apparel,Bottomwear,Shorts,Blue,Summer,2011.0,Sports,ADIDAS Men's Ess Steel Short
15110,Men,Apparel,Bottomwear,Trousers,Black,Fall,2011.0,Formal,Arrow Men TR Finish Black Trousers
33268,Girls,Apparel,Bottomwear,Shorts,Green,Summer,2012.0,Casual,Gini and Jony Girls Green Shorts
42120,Men,Apparel,Bottomwear,Shorts,Black,Summer,2012.0,Casual,ADIDAS Men Black 3/4 Length Pants
5450,Men,Apparel,Bottomwear,Shorts,Blue,Summer,2011.0,Sports,Nike Men's Blue Short
8837,Men,Apparel,Bottomwear,Trousers,Cream,Summer,2011.0,Casual,Scullers Men Scul Cream Trousers
29685,Men,Apparel,Bottomwear,Trousers,Charcoal,Summer,2012.0,Formal,Indigo Nation Men Charcoal Trousers
9852,Men,Apparel,Bottomwear,Trousers,Beige,Fall,2011.0,Formal,Indian Terrain Men Jason Beige Trousers
33495,Men,Apparel,Bottomwear,Shorts,Blue,Summer,2012.0,Casual,Doodle Kids Boy Striped Blue Shorts
43249,Women,Apparel,Bottomwear,Jeans,Blue,Summer,2012.0,Casual,Denizen Women Blue Skinny Thunder Jeans
11347,Men,Apparel,Bottomwear,Jeans,Blue,Summer,2017.0,Casual,Lee Men Elvira Rinse Blue Chicago Fit Jeans
39381,Men,Apparel,Bottomwear,Jeans,Black,Summer,2012.0,Casual,Peter England Men Party Black Jeans
7890,Men,Apparel,Bottomwear,Track Pants,Brown,Fall,2011.0,Casual,Proline Men Brown Track Pants
27901,Women,Apparel,Bottomwear,Trousers,Tan,Summer,2012.0,Casual,Scullers For Her Women Tan Trousers
57072,Women,Apparel,Bottomwear,Jeans,Blue,Summer,2012.0,Casual,Elle Women Blue Jeans
28816,Men,Apparel,Bottomwear,Jeans,Blue,Summer,2012.0,Casual,Denizen Men Blue Jeans
44288,Men,Apparel,Bottomwear,Trousers,Black,Summer,2012.0,Formal,Indian Terrain Men Black Trousers
16516,Men,Apparel,Bottomwear,Jeans,Blue,Fall,2011.0,Casual,Locomotive Men Washed Blue Jeans
41004,Girls,Apparel,Bottomwear,Skirts,Navy Blue,Summer,2012.0,Casual,Gini and Jony Girls Woven Navy Blue Skirts
27183,Men,Apparel,Bottomwear,Trousers,Charcoal,Summer,2012.0,Formal,Mark Taylor Men Striped Charcoal Trousers
29684,Men,Apparel,Bottomwear,Trousers,Charcoal,Summer,2012.0,Formal,Indigo Nation Men Charcoal Trousers
57070,Women,Apparel,Bottomwear,Jeans,Blue,Summer,2012.0,Casual,Elle Women Blue Jeans
14714,Men,Apparel,Bottomwear,Trousers,Navy Blue,Fall,2011.0,Formal,Genesis Men Solid Navy Blue Trousers
13349,Women,Apparel,Bottomwear,Jeans,Blue,Fall,2011.0,Casual,Spykar Women Washed Blue Jeans
58418,Men,Apparel,Bottomwear,Jeans,Blue,Summer,2012.0,Casual,Levis Men Blue Jeans
11307,Women,Apparel,Bottomwear,Jeans,Blue,Fall,2011.0,Casual,Wrangler Women Blue Michelle Jeans
2110,Women,Apparel,Bottomwear,Track Pants,Tan,Fall,2010.0,Sports,ADIDAS Women Very Berry Lycra Track Pants
28520,Men,Apparel,Bottomwear,Track Pants,Grey,Summer,2012.0,Sports,Nike Men Breakline Grey Track Pants
2109,Women,Apparel,Bottomwear,Track Pants,Black,Fall,2010.0,Sports,ADIDAS Women's Slim Fit Lycra Track Pants
7709,Women,Apparel,Bottomwear,Jeans,Black,Fall,2011.0,Casual,Jealous 21 Women's Aaren Black Jegging
14934,Men,Apparel,Bottomwear,Shorts,Red,Fall,2011.0,Casual,Status Quo Men Check Red Shorts
31447,Men,Apparel,Bottomwear,Shorts,Navy Blue,Summer,2012.0,Sports,Nike Men Running Navy Blue Shorts
53741,Women,Apparel,Bottomwear,Track Pants,Black,Summer,2012.0,Casual,ADIDAS Women Black Track Pant
38938,Boys,Apparel,Bottomwear,Shorts,Blue,Summer,2012.0,Casual,Gini and Jony Boys Blue Shorts
13109,Men,Apparel,Bottomwear,Track Pants,Black,Fall,2011.0,Sports,ADIDAS Men Pant Climalite Black Track Pants
40276,Men,Apparel,Bottomwear,Trousers,Brown,Summer,2012.0,Casual,Scullers Men Brown Trousers
14024,Men,Apparel,Bottomwear,Shorts,Black,Fall,2011.0,Sports,Nike Men Solid Black Shorts
8947,Men,Apparel,Bottomwear,Trousers,Grey,Fall,2011.0,Casual,Indigo Nation Men ID Printed Grey Trousers
58491,Women,Apparel,Bottomwear,Shorts,Olive,Fall,2012.0,Casual,Tonga Women Olive Shorts
32446,Men,Apparel,Bottomwear,Shorts,Black,Summer,2012.0,Sports,ADIDAS Men Black 3/4 Length Pants
21592,Men,Apparel,Bottomwear,Shorts,Grey,Fall,2011.0,Sports,Artengo Men Solid Grey Short
20357,Men,Apparel,Bottomwear,Jeans,Blue,Fall,2011.0,Casual,Spykar Men Washed Blue Jeans
8498,Women,Apparel,Bottomwear,Skirts,Grey,Fall,2011.0,Casual,Forever New Women Coral Check Grey Skirts
34249,Men,Apparel,Bottomwear,Shorts,Black,Winter,2013.0,Casual,Proline Black Lounge Shorts S11-BK/SGML
7885,Men,Apparel,Bottomwear,Track Pants,Grey,Fall,2011.0,Casual,Proline Men Grey Track Pants
9160,Men,Apparel,Bottomwear,Jeans,Grey,Fall,2011.0,Casual,Locomotive Men Cal Grey Jeans
1804,Men,Apparel,Bottomwear,Shorts,Black,Fall,2010.0,Sports,Kalenji Men Essential Baggy Black Shorts
44582,Men,Apparel,Bottomwear,Jeans,Navy Blue,Summer,2017.0,Casual,Lee Men Bern Navy Blue Jeans
3921,Men,Apparel,Bottomwear,Track Pants,Black,Summer,2011.0,Casual,Urban Yoga Men's Bottom Black Track Pant
16919,Men,Apparel,Bottomwear,Jeans,Blue,Fall,2011.0,Casual,Spykar Men Washed Blue Jeans
34493,Women,Apparel,Bottomwear,Skirts,Grey,Summer,2012.0,Formal,Van Heusen Woman Grey Skirt
14691,Men,Apparel,Bottomwear,Trousers,Tan,Fall,2011.0,Casual,Basics Men Tan Trousers
29041,Men,Apparel,Bottomwear,Track Pants,Navy Blue,Summer,2012.0,Sports,ADIDAS Men Navy Blue Track Pants
37520,Boys,Apparel,Bottomwear,Shorts,Yellow,Summer,2012.0,Casual,Madagascar3 Infant Boys Lemon Yellow Shorts
51354,Women,Apparel,Bottomwear,Jeans,Blue,Summer,2012.0,Casual,Spykar Women Light Blue Jeans
11243,Women,Apparel,Bottomwear,Jeans,Blue,Fall,2011.0,Casual,Flying Machine Women Lowrise Blue Jeans
22797,Men,Apparel,Bottomwear,Shorts,Grey,Fall,2011.0,Casual,Manchester United Men Grey Shorts
34117,Girls,Apparel,Bottomwear,Shorts,Blue,Summer,2012.0,Casual,Doodle Girls Washed Blue Shorts
7549,Men,Apparel,Bottomwear,Track Pants,Black,Summer,2011.0,Sports,Nike Men Essenti Black Track Pant
27604,Men,Apparel,Bottomwear,Trousers,Khaki,Summer,2012.0,Casual,Scullers Men  Khaki Trouser
51497,Women,Apparel,Bottomwear,Jeans,Navy Blue,Summer,2012.0,Casual,Denizen Women Navy Blue Jeans
30928,Women,Apparel,Bottomwear,Skirts,Blue,Summer,2012.0,Ethnic,Fabindia Women Printed Blue Skirt
26160,Men,Apparel,Bottomwear,Trousers,Navy Blue,Summer,2012.0,Formal,John Miller Men  Navy Blue Trouser
10660,Women,Apparel,Bottomwear,Shorts,Blue,Fall,2011.0,Casual,Doodle Girl Hot shorts ice wash Blue Shorts
8949,Men,Apparel,Bottomwear,Trousers,Grey,Fall,2011.0,Formal,Indigo Nation Men ID Printed Grey Trousers
40108,Men,Apparel,Bottomwear,Track Pants,Black,Summer,2012.0,Casual,ADIDAS Men Black Pants
32449,Men,Apparel,Bottomwear,Shorts,White,Summer,2012.0,Sports,ADIDAS Men White 3/4 Length Pants
22798,Men,Apparel,Bottomwear,Shorts,White,Fall,2011.0,Casual,Manchester United Men White Shorts
38940,Boys,Apparel,Bottomwear,Shorts,Blue,Summer,2012.0,Casual,Palm Tree Boys Blue Shorts
44905,Men,Apparel,Bottomwear,Track Pants,Black,Summer,2012.0,Casual,Puma Men Black Track Pants
31222,Women,Apparel,Bottomwear,Track Pants,Black,Summer,2012.0,Casual,Puma Women Essential Workout Black Track Pants
44930,Men,Apparel,Bottomwear,Jeans,Blue,Summer,2012.0,Casual,Jack & Jones Men Blue Jeans
17996,Men,Apparel,Bottomwear,Track Pants,Navy Blue,Summer,2010.0,Sports,Puma Men Wind Navy Blue Track Pant
39762,Women,Apparel,Bottomwear,Trousers,Charcoal,Summer,2012.0,Formal,Arrow Woman Grey Trousers
29178,Women,Apparel,Bottomwear,Jeans,Blue,Summer,2012.0,Casual,United Colors of Benetton Women Washed Blue Jeans
38905,Girls,Apparel,Bottomwear,Shorts,Pink,Summer,2012.0,Casual,Allen Solly Kids Girls Poplin Pink Shorts
32404,Women,Apparel,Bottomwear,Trousers,Black,Summer,2012.0,Formal,Arrow Woman Black Trousers
8881,Men,Apparel,Bottomwear,Trousers,Navy Blue,Summer,2011.0,Casual,Scullers Men Scul Navy Blue Trousers
46890,Men,Apparel,Bottomwear,Jeans,Blue,Summer,2012.0,Casual,Locomotive Men Blue Jeans
2113,Women,Apparel,Bottomwear,Track Pants,Grey,Fall,2010.0,Sports,ADIDAS Women's Essential Cinder Grey Capris
15111,Men,Apparel,Bottomwear,Trousers,Coffee Brown,Fall,2011.0,Formal,Arrow Men Stripes Coffee Brown Trousers
43045,Men,Apparel,Bottomwear,Shorts,Pink,Summer,2012.0,Casual,Nike Men Pink Shorts
11262,Men,Apparel,Bottomwear,Trousers,Beige,Fall,2011.0,Casual,Indigo Nation Men TR Yarn Dyed Beige Trousers
16917,Men,Apparel,Bottomwear,Jeans,Blue,Fall,2011.0,Casual,Spykar Men Washed Blue Jeans
57896,Women,Apparel,Bottomwear,Shorts,Off White,Summer,2012.0,Casual,Femella Women Off White Shorts
14940,Men,Apparel,Bottomwear,Shorts,Black,Fall,2011.0,Casual,Status Quo Men Solid Black Shorts
26314,Men,Apparel,Bottomwear,Track Pants,Black,Summer,2012.0,Sports,Proline Men Black Track Pants
9754,Women,Apparel,Bottomwear,Track Pants,Black,Fall,2011.0,Casual,ADIDAS Women Ess Mf Yoga Black Pants
6864,Women,Apparel,Bottomwear,Skirts,White,Summer,2011.0,Casual,Forever New Women's Printed White Skirt
12675,Men,Apparel,Bottomwear,Trousers,Green,Fall,2011.0,Casual,Probase Men Printed Green Trousers
51381,Men,Apparel,Bottomwear,Shorts,Navy Blue,Summer,2012.0,Casual,Myntra Men Navy Blue Shorts
33267,Girls,Apparel,Bottomwear,Shorts,Blue,Summer,2012.0,Casual,Gini and Jony Girls Blue Shorts
46905,Men,Apparel,Bottomwear,Jeans,Navy Blue,Summer,2012.0,Casual,Peter England Men Navy Blue Jeans
46745,Men,Apparel,Bottomwear,Track Pants,Charcoal,Summer,2012.0,Sports,Nike Men Black Track Pants
36202,Boys,Apparel,Bottomwear,Shorts,White,Summer,2012.0,Casual,Gini Jony Boys White Shorts
12537,Men,Apparel,Bottomwear,Track Pants,Grey,Fall,2011.0,Casual,Puma Men Solid Grey Track Pants
32485,Men,Apparel,Bottomwear,Shorts,Red,Summer,2012.0,Casual,Proline Red & White Checked Shorts
39080,Men,Apparel,Bottomwear,Shorts,Brown,Summer,2012.0,Casual,Arrow Sport Men Brown Cargo Shorts
16806,Girls,Apparel,Bottomwear,Shorts,White,Fall,2011.0,Casual,ANT Kids Girls Solid White Short
51610,Women,Apparel,Bottomwear,Trousers,Brown,Fall,2012.0,Casual,Kraus Jeans Women Brown Corduroy Trousers
27207,Men,Apparel,Bottomwear,Shorts,White,Summer,2012.0,Casual,Doodle Kids Boy  White Shorts
26140,Men,Apparel,Bottomwear,Trousers,Black,Summer,2012.0,Formal,John Miller Men Striped Black Trousers
13528,Men,Apparel,Bottomwear,Trousers,Navy Blue,Fall,2011.0,Casual,Probase Navy Blue Printed Trousers
28505,Men,Apparel,Bottomwear,Shorts,Grey,Summer,2012.0,Sports,Nike Men Tempo Grey Shorts
52548,Men,Apparel,Bottomwear,Jeans,Blue,Summer,2012.0,Casual,Pepe Jeans Men Blue Jeans
44580,Men,Apparel,Bottomwear,Jeans,Black,Summer,2017.0,Casual,Lee Men Black Jet Jeans
38575,Men,Apparel,Bottomwear,Track Pants,Black,Summer,2012.0,Sports,Nike Men Breakline Black Track Pants
24329,Women,Apparel,Bottomwear,Track Pants,Blue,Fall,2011.0,Sports,ADIDAS Women Blue Track Pants
29852,Men,Apparel,Bottomwear,Trousers,Brown,Summer,2012.0,Formal,Basics Men Dark Brown Trousers
26829,Men,Apparel,Bottomwear,Trousers,Brown,Summer,2012.0,Casual,Highlander Men Brown Trousers
46909,Men,Apparel,Bottomwear,Jeans,Blue,Summer,2012.0,Casual,Peter England Men Blue Jeans
30918,Women,Apparel,Bottomwear,Trousers,Beige,Summer,2012.0,Ethnic,Fabindia Women Beige Harem Pants
7631,Men,Apparel,Bottomwear,Shorts,Navy Blue,Fall,2011.0,Sports,Puma Men's Woven Navy Short
46390,Men,Apparel,Bottomwear,Shorts,Blue,Summer,2012.0,Casual,ADIDAS Men Blue Cargo Shorts
11329,Men,Apparel,Bottomwear,Trousers,Grey,Fall,2011.0,Casual,United Colors of Benetton Men Solid Grey Trousers
14320,Men,Apparel,Bottomwear,Shorts,Grey,Fall,2011.0,Sports,ADIDAS Men Solid Grey Shorts
11284,Men,Apparel,Bottomwear,Jeans,Blue,Fall,2011.0,Casual,Wrangler Men Blue Texas Jeans
9343,Men,Apparel,Bottomwear,Shorts,Brown,Fall,2011.0,Casual,Puma Men Chino Brown Shorts
39382,Men,Apparel,Bottomwear,Jeans,Blue,Summer,2012.0,Casual,Peter England Men Blue Jeans
7187,Women,Apparel,Bottomwear,Jeans,Black,Fall,2011.0,Casual,Jealous 21 Women Supper Zipped Ankle Black Jeans
44945,Women,Apparel,Bottomwear,Trousers,Navy Blue,Summer,2012.0,Casual,United Colors of Benetton Women Navy Blue Jeans
28495,Men,Apparel,Bottomwear,Track Pants,Black,Summer,2012.0,Sports,Urban Yoga Men Black Track Pants
13113,Men,Apparel,Bottomwear,Shorts,Khaki,Fall,2011.0,Casual,ADIDAS Men HT Khakhi Short
34255,Men,Apparel,Bottomwear,Track Pants,Navy Blue,Summer,2012.0,Casual,Proline Men Navy Blue Track Pants
9348,Men,Apparel,Bottomwear,Shorts,Navy Blue,Fall,2011.0,Casual,Puma Men Bermudas Navy Blue Shorts
1764,Women,Apparel,Bottomwear,Track Pants,Black,Fall,2010.0,Sports,Lotto Women Mid Cathy Track Pants
27622,Men,Apparel,Bottomwear,Trousers,Grey,Summer,2012.0,Casual,Scullers Men Grey Trousers
